{"type":"FeatureCollection","features":[{"type":"Feature","geometry":{"type":"MultiPolygon","coordinates":[[[[135.49988043536536,34.589874882491166,46.58844266335977],[135.49984241339286,34.589945799969456,46.58801003622527],[135.5000030760373,34.59000018003319,46.588370100916876],[135.50003337753944,34.58994621284853,46.58870071528763],[135.5000170801959,34.58993713085785,46.588680893766806],[135.5000226116492,34.58992363068757,46.588756375664516],[135.49988043536536,34.589874882491166,46.58844266335977]]],[[[135.49988043536536,34.589874882491166,46.58844266335977],[135.5000226116492,34.58992363068757,46.588756375664516],[135.5000226116492,34.58992363068757,53.59495637566452],[135.49988043536536,34.589874882491166,53.594642663359764],[135.49988043536536,34.589874882491166,46.58844266335977]]],[[[135.5000226116492,34.58992363068757,46.588756375664516],[135.5000170801959,34.58993713085785,46.588680893766806],[135.5000170801959,34.58993713085785,53.5948808937668],[135.5000226116492,34.58992363068757,53.59495637566452],[135.5000226116492,34.58992363068757,46.588756375664516]]],[[[135.5000170801959,34.58993713085785,46.588680893766806],[135.50003337753944,34.58994621284853,46.58870071528763],[135.50003337753944,34.58994621284853,53.59490071528762],[135.5000170801959,34.58993713085785,53.5948808937668],[135.5000170801959,34.58993713085785,46.588680893766806]]],[[[135.50003337753944,34.58994621284853,46.58870071528763],[135.5000030760373,34.59000018003319,46.588370100916876],[135.5000030760373,34.59000018003319,53.59457010091687],[135.50003337753944,34.58994621284853,53.59490071528762],[135.50003337753944,34.58994621284853,46.58870071528763]]],[[[135.5000030760373,34.59000018003319,46.588370100916876],[135.49984241339286,34.589945799969456,46.58801003622527],[135.49984241339286,34.589945799969456,53.59421003622526],[135.5000030760373,34.59000018003319,53.59457010091687],[135.5000030760373,34.59000018003319,46.588370100916876]]],[[[135.49984241339286,34.589945799969456,46.58801003622527],[135.49988043536536,34.589874882491166,46.58844266335977],[135.49988043536536,34.589874882491166,53.594642663359764],[135.49984241339286,34.589945799969456,53.59421003622526],[135.49984241339286,34.589945799969456,46.58801003622527]]],[[[135.49988043536536,34.589874882491166,53.594642663359764],[135.5000226116492,34.58992363068757,53.59495637566452],[135.5000170801959,34.58993713085785,53.5948808937668],[135.50003337753944,34.58994621284853,53.59490071528762],[135.5000030760373,34.59000018003319,53.59457010091687],[135.49984241339286,34.589945799969456,53.59421003622526],[135.49988043536536,34.589874882491166,53.594642663359764]]]]},"properties":{"buildingDataQualityAttribute":"{\"appearanceSrcDescLod2\":[\"未作成\"],\"appearanceSrcDescLod3\":[\"未作成\"],\"geometrySrcDescLod0\":[\"公共測量成果又は基本測量成果\"],\"geometrySrcDescLod1\":[\"公共測量成果又は基本測量成果\"],\"geometrySrcDescLod2\":[\"未作成\"],\"geometrySrcDescLod3\":[\"未作成\"],\"lod1HeightType\":\"点群から取得_中央値\",\"publicSurveyDataQualityAttribute\":{\"publicSurveySrcDescLod0\":[\"数値地形図データ\"],\"publicSurveySrcDescLod1\":[\"数値地形図データ\"],\"srcScaleLod0\":\"地図情報レベル2500\",\"srcScaleLod1\":\"地図情報レベル2500\",\"type\":\"uro:PublicSurveyDataQualityAttribute\"},\"thematicSrcDesc\":[\"公共測量成果又は基本測量成果\",\"公共測量成果又は基本測量成果ではない測量成果\",\"都市計画基礎調査\",\"その他のGISデータ\"],\"type\":\"uro:DataQualityAttribute\"}","buildingDetailAttribute":"[{\"basementFirstUsage\":\"不明\",\"basementSecondUsage\":\"不明\",\"buildingRoofEdgeArea\":34.9985481981,\"buildingStructureOrgType\":\"木造\",\"buildingStructureType\":\"木造・土蔵造\",\"detailedUsage\":\"長屋建住宅\",\"groundFloorUsage\":\"不明\",\"secondFloorUsage\":\"不明\",\"specifiedBuildingCoverageRate\":80.0,\"surveyYear\":\"2017\",\"thirdFloorUsage\":\"不明\",\"type\":\"uro:BuildingDetailAttribute\"}]","buildingDisasterRiskAttribute":"[{\"adminType\":\"国\",\"depth\":0.389,\"description\":\"大和川水系大和川\",\"rank\":\"0.5m未満\",\"scale\":\"L1（計画規模）\",\"type\":\"uro:RiverFloodingRiskAttribute\"},{\"adminType\":\"国\",\"depth\":0.94,\"description\":\"大和川水系大和川\",\"duration\":4.9667,\"rank\":\"0.5m以上3m未満\",\"scale\":\"L2（想定最大規模）\",\"type\":\"uro:RiverFloodingRiskAttribute\"}]","buildingIDAttribute":"[{\"branchID\":1,\"buildingID\":\"27100-bldg-27086\",\"city\":\"大阪府大阪市住吉区\",\"prefecture\":\"大阪府\",\"type\":\"uro:BuildingIDAttribute\"}]","class":"普通建物","creationDate":"2023-03-22","genericAttribute":"{\"1/2500図郭\":111,\"type\":\"gen:genericAttribute\",\"ユーザーID\":100979,\"区名\":\"住吉区\",\"町丁目名称\":\"山之内５丁目\",\"街区番号\":3,\"計測周辺長\":25.314672973}","id":"bldg_fdbf34c2-400a-4ce6-aa4c-898f17fa4d78","keyValuePairAttribute":"[{\"codeValue\":\"住吉区\",\"key\":\"区番号\",\"type\":\"uro:KeyValuePairAttribute\"},{\"codeValue\":\"山之内５丁目\",\"key\":\"住所コード\",\"type\":\"uro:KeyValuePairAttribute\"},{\"codeValue\":\"不明\",\"key\":\"地下２階用途\",\"type\":\"uro:KeyValuePairAttribute\"},{\"codeValue\":\"不明\",\"key\":\"地下１階用途\",\"type\":\"uro:KeyValuePairAttribute\"},{\"codeValue\":\"長屋建住宅\",\"key\":\"地上１階用途\",\"type\":\"uro:KeyValuePairAttribute\"},{\"codeValue\":\"長屋建住宅\",\"key\":\"地上２階用途\",\"type\":\"uro:KeyValuePairAttribute\"},{\"codeValue\":\"不明\",\"key\":\"地上３階用途\",\"type\":\"uro:KeyValuePairAttribute\"}]","measuredHeight":7.0,"storeysAboveGround":2,"type":"bldg:Building","usage":"[\"住宅\"]"},"id":"bldg_fdbf34c2-400a-4ce6-aa4c-898f17fa4d78"},{"type":"Feature","geometry":{"type":"MultiPolygon","coordinates":[[[[135.49950889942318,34.59064449157709,46.92469916381162],[135.4995446190344,34.59057058794599,46.92513546260266],[135.49938964283538,34.590520196402416,46.924779640595474],[135.49935783137158,34.59059316401394,46.9243615152082],[135.49950889942318,34.59064449157709,46.92469916381162]]],[[[135.49950889942318,34.59064449157709,46.92469916381162],[135.49935783137158,34.59059316401394,46.9243615152082],[135.49935783137158,34.59059316401394,53.9397615151982],[135.49950889942318,34.59064449157709,53.94009916380162],[135.49950889942318,34.59064449157709,46.92469916381162]]],[[[135.49935783137158,34.59059316401394,46.9243615152082],[135.49938964283538,34.590520196402416,46.924779640595474],[135.49938964283538,34.590520196402416,53.94017964058547],[135.49935783137158,34.59059316401394,53.9397615151982],[135.49935783137158,34.59059316401394,46.9243615152082]]],[[[135.49938964283538,34.590520196402416,46.924779640595474],[135.4995446190344,34.59057058794599,46.92513546260266],[135.4995446190344,34.59057058794599,53.94053546259266],[135.49938964283538,34.590520196402416,53.94017964058547],[135.49938964283538,34.590520196402416,46.924779640595474]]],[[[135.4995446190344,34.59057058794599,46.92513546260266],[135.49950889942318,34.59064449157709,46.92469916381162],[135.49950889942318,34.59064449157709,53.94009916380162],[135.4995446190344,34.59057058794599,53.94053546259266],[135.4995446190344,34.59057058794599,46.92513546260266]]],[[[135.49950889942318,34.59064449157709,53.94009916380162],[135.49935783137158,34.59059316401394,53.9397615151982],[135.49938964283538,34.590520196402416,53.94017964058547],[135.4995446190344,34.59057058794599,53.94053546259266],[135.49950889942318,34.59064449157709,53.94009916380162]]]]},"properties":{"buildingDataQualityAttribute":"{\"appearanceSrcDescLod2\":[\"未作成\"],\"appearanceSrcDescLod3\":[\"未作成\"],\"geometrySrcDescLod0\":[\"公共測量成果又は基本測量成果\"],\"geometrySrcDescLod1\":[\"公共測量成果又は基本測量成果\"],\"geometrySrcDescLod2\":[\"未作成\"],\"geometrySrcDescLod3\":[\"未作成\"],\"lod1HeightType\":\"点群から取得_中央値\",\"publicSurveyDataQualityAttribute\":{\"publicSurveySrcDescLod0\":[\"数値地形図データ\"],\"publicSurveySrcDescLod1\":[\"数値地形図データ\"],\"srcScaleLod0\":\"地図情報レベル2500\",\"srcScaleLod1\":\"地図情報レベル2500\",\"type\":\"uro:PublicSurveyDataQualityAttribute\"},\"thematicSrcDesc\":[\"公共測量成果又は基本測量成果\",\"公共測量成果又は基本測量成果ではない測量成果\",\"都市計画基礎調査\",\"その他のGISデータ\"],\"type\":\"uro:DataQualityAttribute\"}","buildingDetailAttribute":"[{\"basementFirstUsage\":\"不明\",\"basementSecondUsage\":\"不明\",\"buildingRoofEdgeArea\":36.6209925014,\"buildingStructureOrgType\":\"木造\",\"buildingStructureType\":\"木造・土蔵造\",\"detailedUsage\":\"長屋建住宅\",\"groundFloorUsage\":\"不明\",\"secondFloorUsage\":\"不明\",\"specifiedBuildingCoverageRate\":80.0,\"surveyYear\":\"2017\",\"thirdFloorUsage\":\"不明\",\"type\":\"uro:BuildingDetailAttribute\"}]","buildingDisasterRiskAttribute":"[{\"adminType\":\"国\",\"depth\":0.135,\"description\":\"大和川水系大和川\",\"rank\":\"0.5m未満\",\"scale\":\"L1（計画規模）\",\"type\":\"uro:RiverFloodingRiskAttribute\"},{\"adminType\":\"国\",\"depth\":0.642,\"description\":\"大和川水系大和川\",\"duration\":4.0,\"rank\":\"0.5m以上3m未満\",\"scale\":\"L2（想定最大規模）\",\"type\":\"uro:RiverFloodingRiskAttribute\"}]","buildingIDAttribute":"[{\"branchID\":1,\"buildingID\":\"27100-bldg-26919\",\"city\":\"大阪府大阪市住吉区\",\"prefecture\":\"大阪府\",\"type\":\"uro:BuildingIDAttribute\"}]","class":"普通建物","creationDate":"2023-03-22","genericAttribute":"{\"1/2500図郭\":111,\"type\":\"gen:genericAttribute\",\"ユーザーID\":100747,\"区名\":\"住吉区\",\"町丁目名称\":\"山之内５丁目\",\"街区番号\":3,\"計測周辺長\":25.7506207836}","id":"bldg_5ca924bd-e2cb-4a01-a58c-a99c6667db0f","keyValuePairAttribute":"[{\"codeValue\":\"住吉区\",\"key\":\"区番号\",\"type\":\"uro:KeyValuePairAttribute\"},{\"codeValue\":\"山之内５丁目\",\"key\":\"住所コード\",\"type\":\"uro:KeyValuePairAttribute\"},{\"codeValue\":\"不明\",\"key\":\"地下２階用途\",\"type\":\"uro:KeyValuePairAttribute\"},{\"codeValue\":\"不明\",\"key\":\"地下１階用途\",\"type\":\"uro:KeyValuePairAttribute\"},{\"codeValue\":\"長屋建住宅\",\"key\":\"地上１階用途\",\"type\":\"uro:KeyValuePairAttribute\"},{\"codeValue\":\"長屋建住宅\",\"key\":\"地上２階用途\",\"type\":\"uro:KeyValuePairAttribute\"},{\"codeValue\":\"不明\",\"key\":\"地上３階用途\",\"type\":\"uro:KeyValuePairAttribute\"}]","measuredHeight":7.0,"storeysAboveGround":2,"type":"bldg:Building","usage":"[\"住宅\"]"},"id":"bldg_5ca924bd-e2cb-4a01-a58c-a99c6667db0f"},{"type":"Feature","geometry":{"type":"MultiPolygon","coordinates":[[[[135.49980018124774,34.58976043619349,46.824824313738866],[135.49995779408877,34.58981069287513,46.82519091784814],[135.49998844955894,34.58974494425512,46.8255753252069],[135.49983083682258,34.58969468761345,46.82520866626338],[135.49980018124774,34.58976043619349,46.824824313738866]]],[[[135.49980018124774,34.58976043619349,46.824824313738866],[135.49983083682258,34.58969468761345,46.82520866626338],[135.49983083682258,34.58969468761345,53.74520866626338],[135.49980018124774,34.58976043619349,53.74482431373887],[135.49980018124774,34.58976043619349,46.824824313738866]]],[[[135.49983083682258,34.58969468761345,46.82520866626338],[135.49998844955894,34.58974494425512,46.8255753252069],[135.49998844955894,34.58974494425512,53.7455753252069],[135.49983083682258,34.58969468761345,53.74520866626338],[135.49983083682258,34.58969468761345,46.82520866626338]]],[[[135.49998844955894,34.58974494425512,46.8255753252069],[135.49995779408877,34.58981069287513,46.82519091784814],[135.49995779408877,34.58981069287513,53.74519091784814],[135.49998844955894,34.58974494425512,53.7455753252069],[135.49998844955894,34.58974494425512,46.8255753252069]]],[[[135.49995779408877,34.58981069287513,46.82519091784814],[135.49980018124774,34.58976043619349,46.824824313738866],[135.49980018124774,34.58976043619349,53.74482431373887],[135.49995779408877,34.58981069287513,53.74519091784814],[135.49995779408877,34.58981069287513,46.82519091784814]]],[[[135.49980018124774,34.58976043619349,53.74482431373887],[135.49983083682258,34.58969468761345,53.74520866626338],[135.49998844955894,34.58974494425512,53.7455753252069],[135.49995779408877,34.58981069287513,53.74519091784814],[135.49980018124774,34.58976043619349,53.74482431373887]]]]},"properties":{"buildingDataQualityAttribute":"{\"appearanceSrcDescLod2\":[\"未作成\"],\"appearanceSrcDescLod3\":[\"未作成\"],\"geometrySrcDescLod0\":[\"公共測量成果又は基本測量成果\"],\"geometrySrcDescLod1\":[\"公共測量成果又は基本測量成果\"],\"geometrySrcDescLod2\":[\"未作成\"],\"geometrySrcDescLod3\":[\"未作成\"],\"lod1HeightType\":\"点群から取得_中央値\",\"publicSurveyDataQualityAttribute\":{\"publicSurveySrcDescLod0\":[\"数値地形図データ\"],\"publicSurveySrcDescLod1\":[\"数値地形図データ\"],\"srcScaleLod0\":\"地図情報レベル2500\",\"srcScaleLod1\":\"地図情報レベル2500\",\"type\":\"uro:PublicSurveyDataQualityAttribute\"},\"thematicSrcDesc\":[\"公共測量成果又は基本測量成果\",\"公共測量成果又は基本測量成果ではない測量成果\",\"都市計画基礎調査\",\"その他のGISデータ\"],\"type\":\"uro:DataQualityAttribute\"}","buildingDetailAttribute":"[{\"basementFirstUsage\":\"不明\",\"basementSecondUsage\":\"不明\",\"buildingRoofEdgeArea\":33.5757602955,\"buildingStructureOrgType\":\"木造\",\"buildingStructureType\":\"木造・土蔵造\",\"detailedUsage\":\"長屋建住宅\",\"groundFloorUsage\":\"不明\",\"secondFloorUsage\":\"不明\",\"specifiedBuildingCoverageRate\":80.0,\"surveyYear\":\"2017\",\"thirdFloorUsage\":\"不明\",\"type\":\"uro:BuildingDetailAttribute\"}]","buildingDisasterRiskAttribute":"[{\"adminType\":\"国\",\"depth\":0.189,\"description\":\"大和川水系大和川\",\"rank\":\"0.5m未満\",\"scale\":\"L1（計画規模）\",\"type\":\"uro:RiverFloodingRiskAttribute\"},{\"adminType\":\"国\",\"depth\":0.94,\"description\":\"大和川水系大和川\",\"duration\":4.9667,\"rank\":\"0.5m以上3m未満\",\"scale\":\"L2（想定最大規模）\",\"type\":\"uro:RiverFloodingRiskAttribute\"}]","buildingIDAttribute":"[{\"branchID\":1,\"buildingID\":\"27100-bldg-27139\",\"city\":\"大阪府大阪市住吉区\",\"prefecture\":\"大阪府\",\"type\":\"uro:BuildingIDAttribute\"}]","class":"普通建物","creationDate":"2023-03-22","genericAttribute":"{\"1/2500図郭\":111,\"type\":\"gen:genericAttribute\",\"ユーザーID\":101010,\"区名\":\"住吉区\",\"町丁目名称\":\"山之内５丁目\",\"街区番号\":3,\"計測周辺長\":26.6231047972}","id":"bldg_a5292e45-d9ed-4739-ad63-1554196c9b03","keyValuePairAttribute":"[{\"codeValue\":\"住吉区\",\"key\":\"区番号\",\"type\":\"uro:KeyValuePairAttribute\"},{\"codeValue\":\"山之内５丁目\",\"key\":\"住所コード\",\"type\":\"uro:KeyValuePairAttribute\"},{\"codeValue\":\"不明\",\"key\":\"地下２階用途\",\"type\":\"uro:KeyValuePairAttribute\"},{\"codeValue\":\"不明\",\"key\":\"地下１階用途\",\"type\":\"uro:KeyValuePairAttribute\"},{\"codeValue\":\"長屋建住宅\",\"key\":\"地上１階用途\",\"type\":\"uro:KeyValuePairAttribute\"},{\"codeValue\":\"長屋建住宅\",\"key\":\"地上２階用途\",\"type\":\"uro:KeyValuePairAttribute\"},{\"codeValue\":\"不明\",\"key\":\"地上３階用途\",\"type\":\"uro:KeyValuePairAttribute\"}]","measuredHeight":6.9,"storeysAboveGround":2,"type":"bldg:Building","usage":"[\"住宅\"]"},"id":"bldg_a5292e45-d9ed-4739-ad63-1554196c9b03"},{"type":"Feature","geometry":{"type":"MultiPolygon","coordinates":[[[[135.4995292884343,34.59174609168219,47.00110942993311],[135.49953743568136,34.591753985463725,47.00110634445192],[135.4995371335505,34.591754194279275,47.00110438092255],[135.4995429580671,34.59176021058151,47.00110062925286],[135.4996042217552,34.59170239478291,47.001562909778116],[135.49955521490955,34.59166688120957,47.0015318725217],[135.4996017521757,34.59160519158131,47.00195669385505],[135.4994981450825,34.59156889514137,47.001730310095006],[135.49948244437525,34.59156207834748,47.00170145315684],[135.49946764375684,34.59164329885621,47.00131115802643],[135.49948960633614,34.59164755396684,47.00137338903049],[135.49946504872054,34.591679736742165,47.00115077225403],[135.4995292884343,34.59174609168219,47.00110942993311]]],[[[135.4995292884343,34.59174609168219,47.00110942993311],[135.49946504872054,34.591679736742165,47.00115077225403],[135.49946504872054,34.591679736742165,51.68565077224403],[135.4995292884343,34.59174609168219,51.685609429923105],[135.4995292884343,34.59174609168219,47.00110942993311]]],[[[135.49946504872054,34.591679736742165,47.00115077225403],[135.49948960633614,34.59164755396684,47.00137338903049],[135.49948960633614,34.59164755396684,51.685873389020486],[135.49946504872054,34.591679736742165,51.68565077224403],[135.49946504872054,34.591679736742165,47.00115077225403]]],[[[135.49948960633614,34.59164755396684,47.00137338903049],[135.49946764375684,34.59164329885621,47.00131115802643],[135.49946764375684,34.59164329885621,51.685811158016435],[135.49948960633614,34.59164755396684,51.685873389020486],[135.49948960633614,34.59164755396684,47.00137338903049]]],[[[135.49946764375684,34.59164329885621,47.00131115802643],[135.49948244437525,34.59156207834748,47.00170145315684],[135.49948244437525,34.59156207834748,51.686201453146836],[135.49946764375684,34.59164329885621,51.685811158016435],[135.49946764375684,34.59164329885621,47.00131115802643]]],[[[135.49948244437525,34.59156207834748,47.00170145315684],[135.4994981450825,34.59156889514137,47.001730310095006],[135.4994981450825,34.59156889514137,51.68623031008501],[135.49948244437525,34.59156207834748,51.686201453146836],[135.49948244437525,34.59156207834748,47.00170145315684]]],[[[135.4994981450825,34.59156889514137,47.001730310095006],[135.4996017521757,34.59160519158131,47.00195669385505],[135.4996017521757,34.59160519158131,51.686456693845045],[135.4994981450825,34.59156889514137,51.68623031008501],[135.4994981450825,34.59156889514137,47.001730310095006]]],[[[135.4996017521757,34.59160519158131,47.00195669385505],[135.49955521490955,34.59166688120957,47.0015318725217],[135.49955521490955,34.59166688120957,51.686031872511705],[135.4996017521757,34.59160519158131,51.686456693845045],[135.4996017521757,34.59160519158131,47.00195669385505]]],[[[135.49955521490955,34.59166688120957,47.0015318725217],[135.4996042217552,34.59170239478291,47.001562909778116],[135.4996042217552,34.59170239478291,51.68606290976811],[135.49955521490955,34.59166688120957,51.686031872511705],[135.49955521490955,34.59166688120957,47.0015318725217]]],[[[135.4996042217552,34.59170239478291,47.001562909778116],[135.4995429580671,34.59176021058151,47.00110062925286],[135.4995429580671,34.59176021058151,51.685600629242856],[135.4996042217552,34.59170239478291,51.68606290976811],[135.4996042217552,34.59170239478291,47.001562909778116]]],[[[135.4995429580671,34.59176021058151,47.00110062925286],[135.4995371335505,34.591754194279275,47.00110438092255],[135.4995371335505,34.591754194279275,51.68560438091255],[135.4995429580671,34.59176021058151,51.685600629242856],[135.4995429580671,34.59176021058151,47.00110062925286]]],[[[135.4995371335505,34.591754194279275,47.00110438092255],[135.49953743568136,34.591753985463725,47.00110634445192],[135.49953743568136,34.591753985463725,51.68560634444192],[135.4995371335505,34.591754194279275,51.68560438091255],[135.4995371335505,34.591754194279275,47.00110438092255]]],[[[135.49953743568136,34.591753985463725,47.00110634445192],[135.4995292884343,34.59174609168219,47.00110942993311],[135.4995292884343,34.59174609168219,51.685609429923105],[135.49953743568136,34.591753985463725,51.68560634444192],[135.49953743568136,34.591753985463725,47.00110634445192]]],[[[135.4995292884343,34.59174609168219,51.685609429923105],[135.49946504872054,34.591679736742165,51.68565077224403],[135.49948960633614,34.59164755396684,51.685873389020486],[135.49946764375684,34.59164329885621,51.685811158016435],[135.49948244437525,34.59156207834748,51.686201453146836],[135.4994981450825,34.59156889514137,51.68623031008501],[135.4996017521757,34.59160519158131,51.686456693845045],[135.49955521490955,34.59166688120957,51.686031872511705],[135.4996042217552,34.59170239478291,51.68606290976811],[135.4995429580671,34.59176021058151,51.685600629242856],[135.4995371335505,34.591754194279275,51.68560438091255],[135.49953743568136,34.591753985463725,51.68560634444192],[135.4995292884343,34.59174609168219,51.685609429923105]]]]},"properties":{"buildingDataQualityAttribute":"{\"appearanceSrcDescLod2\":[\"未作成\"],\"appearanceSrcDescLod3\":[\"未作成\"],\"geometrySrcDescLod0\":[\"公共測量成果又は基本測量成果\"],\"geometrySrcDescLod1\":[\"公共測量成果又は基本測量成果\"],\"geometrySrcDescLod2\":[\"未作成\"],\"geometrySrcDescLod3\":[\"未作成\"],\"lod1HeightType\":\"点群から取得_中央値\",\"publicSurveyDataQualityAttribute\":{\"publicSurveySrcDescLod0\":[\"数値地形図データ\"],\"publicSurveySrcDescLod1\":[\"数値地形図データ\"],\"srcScaleLod0\":\"地図情報レベル2500\",\"srcScaleLod1\":\"地図情報レベル2500\",\"type\":\"uro:PublicSurveyDataQualityAttribute\"},\"thematicSrcDesc\":[\"公共測量成果又は基本測量成果\",\"公共測量成果又は基本測量成果ではない測量成果\",\"都市計画基礎調査\",\"その他のGISデータ\"],\"type\":\"uro:DataQualityAttribute\"}","buildingDetailAttribute":"[{\"basementFirstUsage\":\"不明\",\"basementSecondUsage\":\"不明\",\"buildingRoofEdgeArea\":164.821447724,\"buildingStructureOrgType\":\"木造\",\"buildingStructureType\":\"木造・土蔵造\",\"detailedUsage\":\"その他の工業施設\",\"groundFloorUsage\":\"不明\",\"secondFloorUsage\":\"不明\",\"specifiedBuildingCoverageRate\":80.0,\"surveyYear\":\"2017\",\"thirdFloorUsage\":\"不明\",\"type\":\"uro:BuildingDetailAttribute\"}]","buildingDisasterRiskAttribute":"[{\"adminType\":\"国\",\"depth\":0.287,\"description\":\"大和川水系大和川\",\"duration\":0.0,\"rank\":\"0.5m未満\",\"scale\":\"L2（想定最大規模）\",\"type\":\"uro:RiverFloodingRiskAttribute\"}]","buildingIDAttribute":"[{\"branchID\":1,\"buildingID\":\"27100-bldg-26662\",\"city\":\"大阪府大阪市住吉区\",\"prefecture\":\"大阪府\",\"type\":\"uro:BuildingIDAttribute\"}]","class":"普通建物","creationDate":"2023-03-22","genericAttribute":"{\"1/2500図郭\":111,\"type\":\"gen:genericAttribute\",\"ユーザーID\":100685,\"区名\":\"住吉区\",\"町丁目名称\":\"山之内５丁目\",\"街区番号\":3,\"計測周辺長\":61.3524290999}","id":"bldg_cdcd53e9-66dd-48cd-b756-01f96e2fe05f","keyValuePairAttribute":"[{\"codeValue\":\"住吉区\",\"key\":\"区番号\",\"type\":\"uro:KeyValuePairAttribute\"},{\"codeValue\":\"山之内５丁目\",\"key\":\"住所コード\",\"type\":\"uro:KeyValuePairAttribute\"},{\"codeValue\":\"不明\",\"key\":\"地下２階用途\",\"type\":\"uro:KeyValuePairAttribute\"},{\"codeValue\":\"不明\",\"key\":\"地下１階用途\",\"type\":\"uro:KeyValuePairAttribute\"},{\"codeValue\":\"その他の工業施設\",\"key\":\"地上１階用途\",\"type\":\"uro:KeyValuePairAttribute\"},{\"codeValue\":\"その他の工業施設\",\"key\":\"地上２階用途\",\"type\":\"uro:KeyValuePairAttribute\"},{\"codeValue\":\"不明\",\"key\":\"地上３階用途\",\"type\":\"uro:KeyValuePairAttribute\"}]","measuredHeight":4.7,"storeysAboveGround":2,"type":"bldg:Building","usage":"[\"工場\"]"},"id":"bldg_cdcd53e9-66dd-48cd-b756-01f96e2fe05f"},{"type":"Feature","geometry":{"type":"MultiPolygon","coordinates":[[[[135.49943707019855,34.59038471187822,46.61241366870537],[135.49947204384472,34.59032103297326,46.61280491560419],[135.4993282957909,34.59027237775745,46.612482561252975],[135.49929792611113,34.59033761350769,46.612101691243595],[135.49943707019855,34.59038471187822,46.61241366870537]]],[[[135.49943707019855,34.59038471187822,46.61241366870537],[135.49929792611113,34.59033761350769,46.612101691243595],[135.49929792611113,34.59033761350769,53.7206016912336],[135.49943707019855,34.59038471187822,53.72091366869537],[135.49943707019855,34.59038471187822,46.61241366870537]]],[[[135.49929792611113,34.59033761350769,46.612101691243595],[135.4993282957909,34.59027237775745,46.612482561252975],[135.4993282957909,34.59027237775745,53.72098256124297],[135.49929792611113,34.59033761350769,53.7206016912336],[135.49929792611113,34.59033761350769,46.612101691243595]]],[[[135.4993282957909,34.59027237775745,46.612482561252975],[135.49947204384472,34.59032103297326,46.61280491560419],[135.49947204384472,34.59032103297326,53.72130491559418],[135.4993282957909,34.59027237775745,53.72098256124297],[135.4993282957909,34.59027237775745,46.612482561252975]]],[[[135.49947204384472,34.59032103297326,46.61280491560419],[135.49943707019855,34.59038471187822,46.61241366870537],[135.49943707019855,34.59038471187822,53.72091366869537],[135.49947204384472,34.59032103297326,53.72130491559418],[135.49947204384472,34.59032103297326,46.61280491560419]]],[[[135.49943707019855,34.59038471187822,53.72091366869537],[135.49929792611113,34.59033761350769,53.7206016912336],[135.4993282957909,34.59027237775745,53.72098256124297],[135.49947204384472,34.59032103297326,53.72130491559418],[135.49943707019855,34.59038471187822,53.72091366869537]]]]},"properties":{"buildingDataQualityAttribute":"{\"appearanceSrcDescLod2\":[\"未作成\"],\"appearanceSrcDescLod3\":[\"未作成\"],\"geometrySrcDescLod0\":[\"公共測量成果又は基本測量成果\"],\"geometrySrcDescLod1\":[\"公共測量成果又は基本測量成果\"],\"geometrySrcDescLod2\":[\"未作成\"],\"geometrySrcDescLod3\":[\"未作成\"],\"lod1HeightType\":\"点群から取得_中央値\",\"publicSurveyDataQualityAttribute\":{\"publicSurveySrcDescLod0\":[\"数値地形図データ\"],\"publicSurveySrcDescLod1\":[\"数値地形図データ\"],\"srcScaleLod0\":\"地図情報レベル2500\",\"srcScaleLod1\":\"地図情報レベル2500\",\"type\":\"uro:PublicSurveyDataQualityAttribute\"},\"thematicSrcDesc\":[\"公共測量成果又は基本測量成果\",\"公共測量成果又は基本測量成果ではない測量成果\",\"都市計画基礎調査\",\"その他のGISデータ\"],\"type\":\"uro:DataQualityAttribute\"}","buildingDetailAttribute":"[{\"basementFirstUsage\":\"不明\",\"basementSecondUsage\":\"不明\",\"buildingRoofEdgeArea\":31.779258763,\"buildingStructureOrgType\":\"木造\",\"buildingStructureType\":\"木造・土蔵造\",\"detailedUsage\":\"長屋建住宅\",\"groundFloorUsage\":\"不明\",\"secondFloorUsage\":\"不明\",\"specifiedBuildingCoverageRate\":80.0,\"surveyYear\":\"2017\",\"thirdFloorUsage\":\"不明\",\"type\":\"uro:BuildingDetailAttribute\"}]","buildingDisasterRiskAttribute":"[{\"adminType\":\"国\",\"depth\":0.273,\"description\":\"大和川水系大和川\",\"rank\":\"0.5m未満\",\"scale\":\"L1（計画規模）\",\"type\":\"uro:RiverFloodingRiskAttribute\"},{\"adminType\":\"国\",\"depth\":0.847,\"description\":\"大和川水系大和川\",\"duration\":4.8667,\"rank\":\"0.5m以上3m未満\",\"scale\":\"L2（想定最大規模）\",\"type\":\"uro:RiverFloodingRiskAttribute\"}]","buildingIDAttribute":"[{\"branchID\":1,\"buildingID\":\"27100-bldg-26989\",\"city\":\"大阪府大阪市住吉区\",\"prefecture\":\"大阪府\",\"type\":\"uro:BuildingIDAttribute\"}]","class":"普通建物","creationDate":"2023-03-22","genericAttribute":"{\"1/2500図郭\":111,\"type\":\"gen:genericAttribute\",\"ユーザーID\":100808,\"区名\":\"住吉区\",\"町丁目名称\":\"山之内５丁目\",\"街区番号\":3,\"計測周辺長\":23.7172182335}","id":"bldg_30c7641d-a0a6-498e-b5ef-4637f6242db2","keyValuePairAttribute":"[{\"codeValue\":\"住吉区\",\"key\":\"区番号\",\"type\":\"uro:KeyValuePairAttribute\"},{\"codeValue\":\"山之内５丁目\",\"key\":\"住所コード\",\"type\":\"uro:KeyValuePairAttribute\"},{\"codeValue\":\"不明\",\"key\":\"地下２階用途\",\"type\":\"uro:KeyValuePairAttribute\"},{\"codeValue\":\"不明\",\"key\":\"地下１階用途\",\"type\":\"uro:KeyValuePairAttribute\"},{\"codeValue\":\"長屋建住宅\",\"key\":\"地上１階用途\",\"type\":\"uro:KeyValuePairAttribute\"},{\"codeValue\":\"長屋建住宅\",\"key\":\"地上２階用途\",\"type\":\"uro:KeyValuePairAttribute\"},{\"codeValue\":\"不明\",\"key\":\"地上３階用途\",\"type\":\"uro:KeyValuePairAttribute\"}]","measuredHeight":7.1,"storeysAboveGround":2,"type":"bldg:Building","usage":"[\"住宅\"]"},"id":"bldg_30c7641d-a0a6-498e-b5ef-4637f6242db2"},{"type":"Feature","geometry":{"type":"MultiPolygon","coordinates":[[[[135.49881156167174,34.591377100284575,46.42442723307626],[135.4988019527715,34.591412391463784,46.42424622435398],[135.4988997157818,34.59143060701303,46.42452644917444],[135.49890933559823,34.59139530685566,46.42470755520567],[135.49881156167174,34.591377100284575,46.42442723307626]]],[[[135.49881156167174,34.591377100284575,46.42442723307626],[135.49890933559823,34.59139530685566,46.42470755520567],[135.49890933559823,34.59139530685566,55.55480755520568],[135.49881156167174,34.591377100284575,55.554527233076264],[135.49881156167174,34.591377100284575,46.42442723307626]]],[[[135.49890933559823,34.59139530685566,46.42470755520567],[135.4988997157818,34.59143060701303,46.42452644917444],[135.4988997157818,34.59143060701303,55.554626449174435],[135.49890933559823,34.59139530685566,55.55480755520568],[135.49890933559823,34.59139530685566,46.42470755520567]]],[[[135.4988997157818,34.59143060701303,46.42452644917444],[135.4988019527715,34.591412391463784,46.42424622435398],[135.4988019527715,34.591412391463784,55.55434622435398],[135.4988997157818,34.59143060701303,55.554626449174435],[135.4988997157818,34.59143060701303,46.42452644917444]]],[[[135.4988019527715,34.591412391463784,46.42424622435398],[135.49881156167174,34.591377100284575,46.42442723307626],[135.49881156167174,34.591377100284575,55.554527233076264],[135.4988019527715,34.591412391463784,55.55434622435398],[135.4988019527715,34.591412391463784,46.42424622435398]]],[[[135.49881156167174,34.591377100284575,55.554527233076264],[135.49890933559823,34.59139530685566,55.55480755520568],[135.4988997157818,34.59143060701303,55.554626449174435],[135.4988019527715,34.591412391463784,55.55434622435398],[135.49881156167174,34.591377100284575,55.554527233076264]]]]},"properties":{"buildingDataQualityAttribute":"{\"appearanceSrcDescLod2\":[\"未作成\"],\"appearanceSrcDescLod3\":[\"未作成\"],\"geometrySrcDescLod0\":[\"公共測量成果又は基本測量成果\"],\"geometrySrcDescLod1\":[\"公共測量成果又は基本測量成果\"],\"geometrySrcDescLod2\":[\"未作成\"],\"geometrySrcDescLod3\":[\"未作成\"],\"lod1HeightType\":\"点群から取得_中央値\",\"publicSurveyDataQualityAttribute\":{\"publicSurveySrcDescLod0\":[\"数値地形図データ\"],\"publicSurveySrcDescLod1\":[\"数値地形図データ\"],\"srcScaleLod0\":\"地図情報レベル2500\",\"srcScaleLod1\":\"地図情報レベル2500\",\"type\":\"uro:PublicSurveyDataQualityAttribute\"},\"thematicSrcDesc\":[\"公共測量成果又は基本測量成果\",\"公共測量成果又は基本測量成果ではない測量成果\",\"都市計画基礎調査\",\"その他のGISデータ\"],\"type\":\"uro:DataQualityAttribute\"}","buildingDetailAttribute":"[{\"basementFirstUsage\":\"不明\",\"basementSecondUsage\":\"不明\",\"buildingRoofEdgeArea\":49.7852125321,\"buildingStructureOrgType\":\"木造\",\"buildingStructureType\":\"木造・土蔵造\",\"detailedUsage\":\"一戸建住宅\",\"groundFloorUsage\":\"不明\",\"secondFloorUsage\":\"不明\",\"specifiedBuildingCoverageRate\":80.0,\"surveyYear\":\"2017\",\"thirdFloorUsage\":\"不明\",\"type\":\"uro:BuildingDetailAttribute\"}]","buildingDisasterRiskAttribute":"[{\"adminType\":\"国\",\"depth\":0.573,\"description\":\"大和川水系大和川\",\"duration\":0.0,\"rank\":\"0.5m以上3m未満\",\"scale\":\"L2（想定最大規模）\",\"type\":\"uro:RiverFloodingRiskAttribute\"}]","buildingIDAttribute":"[{\"branchID\":1,\"buildingID\":\"27100-bldg-26761\",\"city\":\"大阪府大阪市住吉区\",\"prefecture\":\"大阪府\",\"type\":\"uro:BuildingIDAttribute\"}]","class":"普通建物","creationDate":"2023-03-22","genericAttribute":"{\"1/2500図郭\":111,\"type\":\"gen:genericAttribute\",\"ユーザーID\":100716,\"区名\":\"住吉区\",\"町丁目名称\":\"山之内５丁目\",\"街区番号\":6,\"計測周辺長\":30.0180427985}","id":"bldg_d386f557-bd3f-4bd9-aec4-d3c2cae72036","keyValuePairAttribute":"[{\"codeValue\":\"住吉区\",\"key\":\"区番号\",\"type\":\"uro:KeyValuePairAttribute\"},{\"codeValue\":\"山之内５丁目\",\"key\":\"住所コード\",\"type\":\"uro:KeyValuePairAttribute\"},{\"codeValue\":\"不明\",\"key\":\"地下２階用途\",\"type\":\"uro:KeyValuePairAttribute\"},{\"codeValue\":\"不明\",\"key\":\"地下１階用途\",\"type\":\"uro:KeyValuePairAttribute\"},{\"codeValue\":\"一戸建住宅\",\"key\":\"地上１階用途\",\"type\":\"uro:KeyValuePairAttribute\"},{\"codeValue\":\"一戸建住宅\",\"key\":\"地上２階用途\",\"type\":\"uro:KeyValuePairAttribute\"},{\"codeValue\":\"不明\",\"key\":\"地上３階用途\",\"type\":\"uro:KeyValuePairAttribute\"}]","measuredHeight":9.1,"storeysAboveGround":2,"type":"bldg:Building","usage":"[\"住宅\"]"},"id":"bldg_d386f557-bd3f-4bd9-aec4-d3c2cae72036"},{"type":"Feature","geometry":{"type":"MultiPolygon","coordinates":[[[[135.49947451731774,34.58997547527039,46.60924547905947],[135.49944412082988,34.59004521856185,46.60884572288565],[135.49963176970311,34.590111348450236,46.60925589022246],[135.4996758057074,34.59003940722687,46.60971455528859],[135.49960238671298,34.59001206053788,46.60956016984365],[135.49959689572293,34.5900187994385,46.60951222537962],[135.49947451731774,34.58997547527039,46.60924547905947]]],[[[135.49947451731774,34.58997547527039,46.60924547905947],[135.49959689572293,34.5900187994385,46.60951222537962],[135.49959689572293,34.5900187994385,54.05301222537962],[135.49947451731774,34.58997547527039,54.05274547905947],[135.49947451731774,34.58997547527039,46.60924547905947]]],[[[135.49959689572293,34.5900187994385,46.60951222537962],[135.49960238671298,34.59001206053788,46.60956016984365],[135.49960238671298,34.59001206053788,54.05306016984365],[135.49959689572293,34.5900187994385,54.05301222537962],[135.49959689572293,34.5900187994385,46.60951222537962]]],[[[135.49960238671298,34.59001206053788,46.60956016984365],[135.4996758057074,34.59003940722687,46.60971455528859],[135.4996758057074,34.59003940722687,54.05321455528859],[135.49960238671298,34.59001206053788,54.05306016984365],[135.49960238671298,34.59001206053788,46.60956016984365]]],[[[135.4996758057074,34.59003940722687,46.60971455528859],[135.49963176970311,34.590111348450236,46.60925589022246],[135.49963176970311,34.590111348450236,54.05275589022246],[135.4996758057074,34.59003940722687,54.05321455528859],[135.4996758057074,34.59003940722687,46.60971455528859]]],[[[135.49963176970311,34.590111348450236,46.60925589022246],[135.49944412082988,34.59004521856185,46.60884572288565],[135.49944412082988,34.59004521856185,54.05234572288565],[135.49963176970311,34.590111348450236,54.05275589022246],[135.49963176970311,34.590111348450236,46.60925589022246]]],[[[135.49944412082988,34.59004521856185,46.60884572288565],[135.49947451731774,34.58997547527039,46.60924547905947],[135.49947451731774,34.58997547527039,54.05274547905947],[135.49944412082988,34.59004521856185,54.05234572288565],[135.49944412082988,34.59004521856185,46.60884572288565]]],[[[135.49947451731774,34.58997547527039,54.05274547905947],[135.49959689572293,34.5900187994385,54.05301222537962],[135.49960238671298,34.59001206053788,54.05306016984365],[135.4996758057074,34.59003940722687,54.05321455528859],[135.49963176970311,34.590111348450236,54.05275589022246],[135.49944412082988,34.59004521856185,54.05234572288565],[135.49947451731774,34.58997547527039,54.05274547905947]]]]},"properties":{"buildingDataQualityAttribute":"{\"appearanceSrcDescLod2\":[\"未作成\"],\"appearanceSrcDescLod3\":[\"未作成\"],\"geometrySrcDescLod0\":[\"公共測量成果又は基本測量成果\"],\"geometrySrcDescLod1\":[\"公共測量成果又は基本測量成果\"],\"geometrySrcDescLod2\":[\"未作成\"],\"geometrySrcDescLod3\":[\"未作成\"],\"lod1HeightType\":\"点群から取得_中央値\",\"publicSurveyDataQualityAttribute\":{\"publicSurveySrcDescLod0\":[\"数値地形図データ\"],\"publicSurveySrcDescLod1\":[\"数値地形図データ\"],\"srcScaleLod0\":\"地図情報レベル2500\",\"srcScaleLod1\":\"地図情報レベル2500\",\"type\":\"uro:PublicSurveyDataQualityAttribute\"},\"thematicSrcDesc\":[\"公共測量成果又は基本測量成果\",\"公共測量成果又は基本測量成果ではない測量成果\",\"都市計画基礎調査\",\"その他のGISデータ\"],\"type\":\"uro:DataQualityAttribute\"}","buildingDetailAttribute":"[{\"basementFirstUsage\":\"不明\",\"basementSecondUsage\":\"不明\",\"buildingRoofEdgeArea\":34.9268558801,\"buildingStructureOrgType\":\"木造\",\"buildingStructureType\":\"木造・土蔵造\",\"detailedUsage\":\"長屋建住宅\",\"groundFloorUsage\":\"不明\",\"secondFloorUsage\":\"不明\",\"specifiedBuildingCoverageRate\":80.0,\"surveyYear\":\"2017\",\"thirdFloorUsage\":\"不明\",\"type\":\"uro:BuildingDetailAttribute\"}]","buildingDisasterRiskAttribute":"[{\"adminType\":\"国\",\"depth\":0.188,\"description\":\"大和川水系大和川\",\"rank\":\"0.5m未満\",\"scale\":\"L1（計画規模）\",\"type\":\"uro:RiverFloodingRiskAttribute\"},{\"adminType\":\"国\",\"depth\":0.94,\"description\":\"大和川水系大和川\",\"duration\":4.95,\"rank\":\"0.5m以上3m未満\",\"scale\":\"L2（想定最大規模）\",\"type\":\"uro:RiverFloodingRiskAttribute\"}]","buildingIDAttribute":"[{\"branchID\":1,\"buildingID\":\"27100-bldg-27065\",\"city\":\"大阪府大阪市住吉区\",\"prefecture\":\"大阪府\",\"type\":\"uro:BuildingIDAttribute\"}]","class":"普通建物","creationDate":"2023-03-22","genericAttribute":"{\"1/2500図郭\":111,\"type\":\"gen:genericAttribute\",\"ユーザーID\":100860,\"区名\":\"住吉区\",\"町丁目名称\":\"山之内５丁目\",\"街区番号\":3,\"計測周辺長\":25.7497102852}","id":"bldg_c6863e46-af80-4d57-8109-1b8cfc113f26","keyValuePairAttribute":"[{\"codeValue\":\"住吉区\",\"key\":\"区番号\",\"type\":\"uro:KeyValuePairAttribute\"},{\"codeValue\":\"山之内５丁目\",\"key\":\"住所コード\",\"type\":\"uro:KeyValuePairAttribute\"},{\"codeValue\":\"不明\",\"key\":\"地下２階用途\",\"type\":\"uro:KeyValuePairAttribute\"},{\"codeValue\":\"不明\",\"key\":\"地下１階用途\",\"type\":\"uro:KeyValuePairAttribute\"},{\"codeValue\":\"長屋建住宅\",\"key\":\"地上１階用途\",\"type\":\"uro:KeyValuePairAttribute\"},{\"codeValue\":\"長屋建住宅\",\"key\":\"地上２階用途\",\"type\":\"uro:KeyValuePairAttribute\"},{\"codeValue\":\"不明\",\"key\":\"地上３階用途\",\"type\":\"uro:KeyValuePairAttribute\"}]","measuredHeight":7.4,"storeysAboveGround":2,"type":"bldg:Building","usage":"[\"住宅\"]"},"id":"bldg_c6863e46-af80-4d57-8109-1b8cfc113f26"},{"type":"Feature","geometry":{"type":"MultiPolygon","coordinates":[[[[135.49927476666537,34.59080001731867,46.97930225779856],[135.4993517221922,34.5908248905119,46.97947946062051],[135.49937612568814,34.59077474880328,46.97977601223913],[135.49940058354076,34.590730079550895,46.980050108754426],[135.4993227349539,34.59070144337766,46.97988520087572],[135.49927476666537,34.59080001731867,46.97930225779856]]],[[[135.49927476666537,34.59080001731867,46.97930225779856],[135.4993227349539,34.59070144337766,46.97988520087572],[135.4993227349539,34.59070144337766,50.09918520088572],[135.49927476666537,34.59080001731867,50.09860225780856],[135.49927476666537,34.59080001731867,46.97930225779856]]],[[[135.4993227349539,34.59070144337766,46.97988520087572],[135.49940058354076,34.590730079550895,46.980050108754426],[135.49940058354076,34.590730079550895,50.099350108764426],[135.4993227349539,34.59070144337766,50.09918520088572],[135.4993227349539,34.59070144337766,46.97988520087572]]],[[[135.49940058354076,34.590730079550895,46.980050108754426],[135.49937612568814,34.59077474880328,46.97977601223913],[135.49937612568814,34.59077474880328,50.09907601224913],[135.49940058354076,34.590730079550895,50.099350108764426],[135.49940058354076,34.590730079550895,46.980050108754426]]],[[[135.49937612568814,34.59077474880328,46.97977601223913],[135.4993517221922,34.5908248905119,46.97947946062051],[135.4993517221922,34.5908248905119,50.09877946063051],[135.49937612568814,34.59077474880328,50.09907601224913],[135.49937612568814,34.59077474880328,46.97977601223913]]],[[[135.4993517221922,34.5908248905119,46.97947946062051],[135.49927476666537,34.59080001731867,46.97930225779856],[135.49927476666537,34.59080001731867,50.09860225780856],[135.4993517221922,34.5908248905119,50.09877946063051],[135.4993517221922,34.5908248905119,46.97947946062051]]],[[[135.49927476666537,34.59080001731867,50.09860225780856],[135.4993227349539,34.59070144337766,50.09918520088572],[135.49940058354076,34.590730079550895,50.099350108764426],[135.49937612568814,34.59077474880328,50.09907601224913],[135.4993517221922,34.5908248905119,50.09877946063051],[135.49927476666537,34.59080001731867,50.09860225780856]]]]},"properties":{"buildingDataQualityAttribute":"{\"appearanceSrcDescLod2\":[\"未作成\"],\"appearanceSrcDescLod3\":[\"未作成\"],\"geometrySrcDescLod0\":[\"公共測量成果又は基本測量成果\"],\"geometrySrcDescLod1\":[\"公共測量成果又は基本測量成果\"],\"geometrySrcDescLod2\":[\"未作成\"],\"geometrySrcDescLod3\":[\"未作成\"],\"lod1HeightType\":\"点群から取得_中央値\",\"publicSurveyDataQualityAttribute\":{\"publicSurveySrcDescLod0\":[\"数値地形図データ\"],\"publicSurveySrcDescLod1\":[\"数値地形図データ\"],\"srcScaleLod0\":\"地図情報レベル2500\",\"srcScaleLod1\":\"地図情報レベル2500\",\"type\":\"uro:PublicSurveyDataQualityAttribute\"},\"thematicSrcDesc\":[\"公共測量成果又は基本測量成果\",\"公共測量成果又は基本測量成果ではない測量成果\",\"都市計画基礎調査\",\"その他のGISデータ\"],\"type\":\"uro:DataQualityAttribute\"}","buildingDetailAttribute":"[{\"basementFirstUsage\":\"不明\",\"basementSecondUsage\":\"不明\",\"buildingRoofEdgeArea\":-9999.0,\"buildingStructureOrgType\":\"不明\",\"buildingStructureType\":\"不明\",\"detailedUsage\":\"不明\",\"groundFloorUsage\":\"不明\",\"secondFloorUsage\":\"不明\",\"specifiedBuildingCoverageRate\":80.0,\"surveyYear\":\"2017\",\"thirdFloorUsage\":\"不明\",\"type\":\"uro:BuildingDetailAttribute\"}]","buildingDisasterRiskAttribute":"[{\"adminType\":\"国\",\"depth\":0.006,\"description\":\"大和川水系大和川\",\"rank\":\"0.5m未満\",\"scale\":\"L1（計画規模）\",\"type\":\"uro:RiverFloodingRiskAttribute\"},{\"adminType\":\"国\",\"depth\":0.489,\"description\":\"大和川水系大和川\",\"duration\":2.0333,\"rank\":\"0.5m未満\",\"scale\":\"L2（想定最大規模）\",\"type\":\"uro:RiverFloodingRiskAttribute\"}]","buildingIDAttribute":"[{\"branchID\":1,\"buildingID\":\"27100-bldg-26885\",\"city\":\"大阪府大阪市住吉区\",\"prefecture\":\"大阪府\",\"type\":\"uro:BuildingIDAttribute\"}]","class":"普通建物","creationDate":"2023-03-22","id":"bldg_6d23b098-cdb1-4c70-8d3f-aacb3a9cc161","keyValuePairAttribute":"[{\"codeValue\":\"不明\",\"key\":\"区番号\",\"type\":\"uro:KeyValuePairAttribute\"},{\"codeValue\":\"不明\",\"key\":\"住所コード\",\"type\":\"uro:KeyValuePairAttribute\"},{\"codeValue\":\"不明\",\"key\":\"地下２階用途\",\"type\":\"uro:KeyValuePairAttribute\"},{\"codeValue\":\"不明\",\"key\":\"地下１階用途\",\"type\":\"uro:KeyValuePairAttribute\"},{\"codeValue\":\"不明\",\"key\":\"地上１階用途\",\"type\":\"uro:KeyValuePairAttribute\"},{\"codeValue\":\"不明\",\"key\":\"地上２階用途\",\"type\":\"uro:KeyValuePairAttribute\"},{\"codeValue\":\"不明\",\"key\":\"地上３階用途\",\"type\":\"uro:KeyValuePairAttribute\"}]","measuredHeight":3.1,"storeysAboveGround":9999,"type":"bldg:Building","usage":"[\"不明\"]"},"id":"bldg_6d23b098-cdb1-4c70-8d3f-aacb3a9cc161"},{"type":"Feature","geometry":{"type":"MultiPolygon","coordinates":[[[[135.49903237825743,34.59148299820788,46.92389210779138],[135.4990626755238,34.59139142878676,46.924381414614466],[135.49905451323744,34.591389141476405,46.92436119221666],[135.49905730614665,34.591377883917346,46.924417959689485],[135.49901919294004,34.591370966044764,46.92430795055079],[135.4989831691191,34.591469985561154,46.92376699483403],[135.49903237825743,34.59148299820788,46.92389210779138]]],[[[135.49903237825743,34.59148299820788,46.92389210779138],[135.4989831691191,34.591469985561154,46.92376699483403],[135.4989831691191,34.591469985561154,53.25476699483403],[135.49903237825743,34.59148299820788,53.25489210779138],[135.49903237825743,34.59148299820788,46.92389210779138]]],[[[135.4989831691191,34.591469985561154,46.92376699483403],[135.49901919294004,34.591370966044764,46.92430795055079],[135.49901919294004,34.591370966044764,53.25530795055079],[135.4989831691191,34.591469985561154,53.25476699483403],[135.4989831691191,34.591469985561154,46.92376699483403]]],[[[135.49901919294004,34.591370966044764,46.92430795055079],[135.49905730614665,34.591377883917346,46.924417959689485],[135.49905730614665,34.591377883917346,53.25541795968948],[135.49901919294004,34.591370966044764,53.25530795055079],[135.49901919294004,34.591370966044764,46.92430795055079]]],[[[135.49905730614665,34.591377883917346,46.924417959689485],[135.49905451323744,34.591389141476405,46.92436119221666],[135.49905451323744,34.591389141476405,53.255361192216654],[135.49905730614665,34.591377883917346,53.25541795968948],[135.49905730614665,34.591377883917346,46.924417959689485]]],[[[135.49905451323744,34.591389141476405,46.92436119221666],[135.4990626755238,34.59139142878676,46.924381414614466],[135.4990626755238,34.59139142878676,53.25538141461446],[135.49905451323744,34.591389141476405,53.255361192216654],[135.49905451323744,34.591389141476405,46.92436119221666]]],[[[135.4990626755238,34.59139142878676,46.924381414614466],[135.49903237825743,34.59148299820788,46.92389210779138],[135.49903237825743,34.59148299820788,53.25489210779138],[135.4990626755238,34.59139142878676,53.25538141461446],[135.4990626755238,34.59139142878676,46.924381414614466]]],[[[135.49903237825743,34.59148299820788,53.25489210779138],[135.4989831691191,34.591469985561154,53.25476699483403],[135.49901919294004,34.591370966044764,53.25530795055079],[135.49905730614665,34.591377883917346,53.25541795968948],[135.49905451323744,34.591389141476405,53.255361192216654],[135.4990626755238,34.59139142878676,53.25538141461446],[135.49903237825743,34.59148299820788,53.25489210779138]]]]},"properties":{"buildingDataQualityAttribute":"{\"appearanceSrcDescLod2\":[\"未作成\"],\"appearanceSrcDescLod3\":[\"未作成\"],\"geometrySrcDescLod0\":[\"公共測量成果又は基本測量成果\"],\"geometrySrcDescLod1\":[\"公共測量成果又は基本測量成果\"],\"geometrySrcDescLod2\":[\"未作成\"],\"geometrySrcDescLod3\":[\"未作成\"],\"lod1HeightType\":\"点群から取得_中央値\",\"publicSurveyDataQualityAttribute\":{\"publicSurveySrcDescLod0\":[\"数値地形図データ\"],\"publicSurveySrcDescLod1\":[\"数値地形図データ\"],\"srcScaleLod0\":\"地図情報レベル2500\",\"srcScaleLod1\":\"地図情報レベル2500\",\"type\":\"uro:PublicSurveyDataQualityAttribute\"},\"thematicSrcDesc\":[\"公共測量成果又は基本測量成果\",\"公共測量成果又は基本測量成果ではない測量成果\",\"都市計画基礎調査\",\"その他のGISデータ\"],\"type\":\"uro:DataQualityAttribute\"}","buildingDetailAttribute":"[{\"basementFirstUsage\":\"不明\",\"basementSecondUsage\":\"不明\",\"buildingRoofEdgeArea\":52.3454323493,\"buildingStructureOrgType\":\"木造\",\"buildingStructureType\":\"木造・土蔵造\",\"detailedUsage\":\"一戸建住宅\",\"groundFloorUsage\":\"不明\",\"secondFloorUsage\":\"不明\",\"specifiedBuildingCoverageRate\":80.0,\"surveyYear\":\"2017\",\"thirdFloorUsage\":\"不明\",\"type\":\"uro:BuildingDetailAttribute\"}]","buildingDisasterRiskAttribute":"[{\"adminType\":\"国\",\"depth\":0.271,\"description\":\"大和川水系大和川\",\"duration\":0.0,\"rank\":\"0.5m未満\",\"scale\":\"L2（想定最大規模）\",\"type\":\"uro:RiverFloodingRiskAttribute\"}]","buildingIDAttribute":"[{\"branchID\":1,\"buildingID\":\"27100-bldg-26751\",\"city\":\"大阪府大阪市住吉区\",\"prefecture\":\"大阪府\",\"type\":\"uro:BuildingIDAttribute\"}]","class":"普通建物","creationDate":"2023-03-22","genericAttribute":"{\"1/2500図郭\":111,\"type\":\"gen:genericAttribute\",\"ユーザーID\":100714,\"区名\":\"住吉区\",\"町丁目名称\":\"山之内５丁目\",\"街区番号\":5,\"計測周辺長\":32.3476134706}","id":"bldg_4ed33f23-59b5-49c0-8ce6-3dd151553ea1","keyValuePairAttribute":"[{\"codeValue\":\"住吉区\",\"key\":\"区番号\",\"type\":\"uro:KeyValuePairAttribute\"},{\"codeValue\":\"山之内５丁目\",\"key\":\"住所コード\",\"type\":\"uro:KeyValuePairAttribute\"},{\"codeValue\":\"不明\",\"key\":\"地下２階用途\",\"type\":\"uro:KeyValuePairAttribute\"},{\"codeValue\":\"不明\",\"key\":\"地下１階用途\",\"type\":\"uro:KeyValuePairAttribute\"},{\"codeValue\":\"一戸建住宅\",\"key\":\"地上１階用途\",\"type\":\"uro:KeyValuePairAttribute\"},{\"codeValue\":\"一戸建住宅\",\"key\":\"地上２階用途\",\"type\":\"uro:KeyValuePairAttribute\"},{\"codeValue\":\"不明\",\"key\":\"地上３階用途\",\"type\":\"uro:KeyValuePairAttribute\"}]","measuredHeight":6.3,"storeysAboveGround":2,"type":"bldg:Building","usage":"[\"住宅\"]"},"id":"bldg_4ed33f23-59b5-49c0-8ce6-3dd151553ea1"},{"type":"Feature","geometry":{"type":"MultiPolygon","coordinates":[[[[135.49983752438337,34.5899557778128,46.35215084927508],[135.49980557223074,34.59002303743722,46.35175555332715],[135.49995358987746,34.59007209904449,46.352091868380555],[135.4999699682539,34.59006765854344,46.352169992609035],[135.49999757157866,34.59000917270222,46.35251311513004],[135.49983752438337,34.5899557778128,46.35215084927508]]],[[[135.49983752438337,34.5899557778128,46.35215084927508],[135.49999757157866,34.59000917270222,46.35251311513004],[135.49999757157866,34.59000917270222,53.62451311512004],[135.49983752438337,34.5899557778128,53.62415084926508],[135.49983752438337,34.5899557778128,46.35215084927508]]],[[[135.49999757157866,34.59000917270222,46.35251311513004],[135.4999699682539,34.59006765854344,46.352169992609035],[135.4999699682539,34.59006765854344,53.624169992599036],[135.49999757157866,34.59000917270222,53.62451311512004],[135.49999757157866,34.59000917270222,46.35251311513004]]],[[[135.4999699682539,34.59006765854344,46.352169992609035],[135.49995358987746,34.59007209904449,46.352091868380555],[135.49995358987746,34.59007209904449,53.624091868370556],[135.4999699682539,34.59006765854344,53.624169992599036],[135.4999699682539,34.59006765854344,46.352169992609035]]],[[[135.49995358987746,34.59007209904449,46.352091868380555],[135.49980557223074,34.59002303743722,46.35175555332715],[135.49980557223074,34.59002303743722,53.62375555331715],[135.49995358987746,34.59007209904449,53.624091868370556],[135.49995358987746,34.59007209904449,46.352091868380555]]],[[[135.49980557223074,34.59002303743722,46.35175555332715],[135.49983752438337,34.5899557778128,46.35215084927508],[135.49983752438337,34.5899557778128,53.62415084926508],[135.49980557223074,34.59002303743722,53.62375555331715],[135.49980557223074,34.59002303743722,46.35175555332715]]],[[[135.49983752438337,34.5899557778128,53.62415084926508],[135.49999757157866,34.59000917270222,53.62451311512004],[135.4999699682539,34.59006765854344,53.624169992599036],[135.49995358987746,34.59007209904449,53.624091868370556],[135.49980557223074,34.59002303743722,53.62375555331715],[135.49983752438337,34.5899557778128,53.62415084926508]]]]},"properties":{"buildingDataQualityAttribute":"{\"appearanceSrcDescLod2\":[\"未作成\"],\"appearanceSrcDescLod3\":[\"未作成\"],\"geometrySrcDescLod0\":[\"公共測量成果又は基本測量成果\"],\"geometrySrcDescLod1\":[\"公共測量成果又は基本測量成果\"],\"geometrySrcDescLod2\":[\"未作成\"],\"geometrySrcDescLod3\":[\"未作成\"],\"lod1HeightType\":\"点群から取得_中央値\",\"publicSurveyDataQualityAttribute\":{\"publicSurveySrcDescLod0\":[\"数値地形図データ\"],\"publicSurveySrcDescLod1\":[\"数値地形図データ\"],\"srcScaleLod0\":\"地図情報レベル2500\",\"srcScaleLod1\":\"地図情報レベル2500\",\"type\":\"uro:PublicSurveyDataQualityAttribute\"},\"thematicSrcDesc\":[\"公共測量成果又は基本測量成果\",\"公共測量成果又は基本測量成果ではない測量成果\",\"都市計画基礎調査\",\"その他のGISデータ\"],\"type\":\"uro:DataQualityAttribute\"}","buildingDetailAttribute":"[{\"basementFirstUsage\":\"不明\",\"basementSecondUsage\":\"不明\",\"buildingRoofEdgeArea\":34.0838974858,\"buildingStructureOrgType\":\"木造\",\"buildingStructureType\":\"木造・土蔵造\",\"detailedUsage\":\"長屋建住宅\",\"groundFloorUsage\":\"不明\",\"secondFloorUsage\":\"不明\",\"specifiedBuildingCoverageRate\":80.0,\"surveyYear\":\"2017\",\"thirdFloorUsage\":\"不明\",\"type\":\"uro:BuildingDetailAttribute\"}]","buildingDisasterRiskAttribute":"[{\"adminType\":\"国\",\"depth\":0.38,\"description\":\"大和川水系大和川\",\"rank\":\"0.5m未満\",\"scale\":\"L1（計画規模）\",\"type\":\"uro:RiverFloodingRiskAttribute\"},{\"adminType\":\"国\",\"depth\":1.09,\"description\":\"大和川水系大和川\",\"duration\":4.9,\"rank\":\"0.5m以上3m未満\",\"scale\":\"L2（想定最大規模）\",\"type\":\"uro:RiverFloodingRiskAttribute\"}]","buildingIDAttribute":"[{\"branchID\":1,\"buildingID\":\"27100-bldg-27075\",\"city\":\"大阪府大阪市住吉区\",\"prefecture\":\"大阪府\",\"type\":\"uro:BuildingIDAttribute\"}]","class":"普通建物","creationDate":"2023-03-22","genericAttribute":"{\"1/2500図郭\":111,\"type\":\"gen:genericAttribute\",\"ユーザーID\":100966,\"区名\":\"住吉区\",\"町丁目名称\":\"山之内５丁目\",\"街区番号\":3,\"計測周辺長\":24.523671356}","id":"bldg_c82a28d6-7f1c-42f1-a094-99b149c27596","keyValuePairAttribute":"[{\"codeValue\":\"住吉区\",\"key\":\"区番号\",\"type\":\"uro:KeyValuePairAttribute\"},{\"codeValue\":\"山之内５丁目\",\"key\":\"住所コード\",\"type\":\"uro:KeyValuePairAttribute\"},{\"codeValue\":\"不明\",\"key\":\"地下２階用途\",\"type\":\"uro:KeyValuePairAttribute\"},{\"codeValue\":\"不明\",\"key\":\"地下１階用途\",\"type\":\"uro:KeyValuePairAttribute\"},{\"codeValue\":\"長屋建住宅\",\"key\":\"地上１階用途\",\"type\":\"uro:KeyValuePairAttribute\"},{\"codeValue\":\"長屋建住宅\",\"key\":\"地上２階用途\",\"type\":\"uro:KeyValuePairAttribute\"},{\"codeValue\":\"不明\",\"key\":\"地上３階用途\",\"type\":\"uro:KeyValuePairAttribute\"}]","measuredHeight":7.3,"storeysAboveGround":2,"type":"bldg:Building","usage":"[\"住宅\"]"},"id":"bldg_c82a28d6-7f1c-42f1-a094-99b149c27596"},{"type":"Feature","geometry":{"type":"MultiPolygon","coordinates":[[[[135.49927476666537,34.59080001731867,46.867102257808554],[135.49931892043153,34.590708558766806,46.86764183814414],[135.49916240572603,34.59064766780834,46.86732395059897],[135.49911547536593,34.59074219811281,46.86676161251191],[135.49927476666537,34.59080001731867,46.867102257808554]]],[[[135.49927476666537,34.59080001731867,46.867102257808554],[135.49911547536593,34.59074219811281,46.86676161251191],[135.49911547536593,34.59074219811281,49.878261612511906],[135.49927476666537,34.59080001731867,49.87860225780856],[135.49927476666537,34.59080001731867,46.867102257808554]]],[[[135.49911547536593,34.59074219811281,46.86676161251191],[135.49916240572603,34.59064766780834,46.86732395059897],[135.49916240572603,34.59064766780834,49.87882395059898],[135.49911547536593,34.59074219811281,49.878261612511906],[135.49911547536593,34.59074219811281,46.86676161251191]]],[[[135.49916240572603,34.59064766780834,46.86732395059897],[135.49931892043153,34.590708558766806,46.86764183814414],[135.49931892043153,34.590708558766806,49.879141838144136],[135.49916240572603,34.59064766780834,49.87882395059898],[135.49916240572603,34.59064766780834,46.86732395059897]]],[[[135.49931892043153,34.590708558766806,46.86764183814414],[135.49927476666537,34.59080001731867,46.867102257808554],[135.49927476666537,34.59080001731867,49.87860225780856],[135.49931892043153,34.590708558766806,49.879141838144136],[135.49931892043153,34.590708558766806,46.86764183814414]]],[[[135.49927476666537,34.59080001731867,49.87860225780856],[135.49911547536593,34.59074219811281,49.878261612511906],[135.49916240572603,34.59064766780834,49.87882395059898],[135.49931892043153,34.590708558766806,49.879141838144136],[135.49927476666537,34.59080001731867,49.87860225780856]]]]},"properties":{"buildingDataQualityAttribute":"{\"appearanceSrcDescLod2\":[\"未作成\"],\"appearanceSrcDescLod3\":[\"未作成\"],\"geometrySrcDescLod0\":[\"公共測量成果又は基本測量成果\"],\"geometrySrcDescLod1\":[\"公共測量成果又は基本測量成果\"],\"geometrySrcDescLod2\":[\"未作成\"],\"geometrySrcDescLod3\":[\"未作成\"],\"lod1HeightType\":\"点群から取得_中央値\",\"publicSurveyDataQualityAttribute\":{\"publicSurveySrcDescLod0\":[\"数値地形図データ\"],\"publicSurveySrcDescLod1\":[\"数値地形図データ\"],\"srcScaleLod0\":\"地図情報レベル2500\",\"srcScaleLod1\":\"地図情報レベル2500\",\"type\":\"uro:PublicSurveyDataQualityAttribute\"},\"thematicSrcDesc\":[\"公共測量成果又は基本測量成果\",\"公共測量成果又は基本測量成果ではない測量成果\",\"都市計画基礎調査\",\"その他のGISデータ\"],\"type\":\"uro:DataQualityAttribute\"}","buildingDetailAttribute":"[{\"basementFirstUsage\":\"不明\",\"basementSecondUsage\":\"不明\",\"buildingRoofEdgeArea\":177.171787434,\"buildingStructureOrgType\":\"木造\",\"buildingStructureType\":\"木造・土蔵造\",\"detailedUsage\":\"車庫\",\"groundFloorUsage\":\"不明\",\"secondFloorUsage\":\"不明\",\"specifiedBuildingCoverageRate\":80.0,\"surveyYear\":\"2017\",\"thirdFloorUsage\":\"不明\",\"type\":\"uro:BuildingDetailAttribute\"}]","buildingDisasterRiskAttribute":"[{\"adminType\":\"国\",\"depth\":0.088,\"description\":\"大和川水系大和川\",\"rank\":\"0.5m未満\",\"scale\":\"L1（計画規模）\",\"type\":\"uro:RiverFloodingRiskAttribute\"},{\"adminType\":\"国\",\"depth\":0.489,\"description\":\"大和川水系大和川\",\"duration\":2.0333,\"rank\":\"0.5m未満\",\"scale\":\"L2（想定最大規模）\",\"type\":\"uro:RiverFloodingRiskAttribute\"}]","buildingIDAttribute":"[{\"branchID\":1,\"buildingID\":\"27100-bldg-26888\",\"city\":\"大阪府大阪市住吉区\",\"prefecture\":\"大阪府\",\"type\":\"uro:BuildingIDAttribute\"}]","class":"普通建物","creationDate":"2023-03-22","genericAttribute":"{\"1/2500図郭\":111,\"type\":\"gen:genericAttribute\",\"ユーザーID\":100728,\"区名\":\"住吉区\",\"町丁目名称\":\"山之内５丁目\",\"街区番号\":3,\"計測周辺長\":54.1234307674}","id":"bldg_51dc6f88-af72-41bb-a7a4-acec919c9f48","keyValuePairAttribute":"[{\"codeValue\":\"住吉区\",\"key\":\"区番号\",\"type\":\"uro:KeyValuePairAttribute\"},{\"codeValue\":\"山之内５丁目\",\"key\":\"住所コード\",\"type\":\"uro:KeyValuePairAttribute\"},{\"codeValue\":\"不明\",\"key\":\"地下２階用途\",\"type\":\"uro:KeyValuePairAttribute\"},{\"codeValue\":\"不明\",\"key\":\"地下１階用途\",\"type\":\"uro:KeyValuePairAttribute\"},{\"codeValue\":\"車庫\",\"key\":\"地上１階用途\",\"type\":\"uro:KeyValuePairAttribute\"},{\"codeValue\":\"不明\",\"key\":\"地上２階用途\",\"type\":\"uro:KeyValuePairAttribute\"},{\"codeValue\":\"不明\",\"key\":\"地上３階用途\",\"type\":\"uro:KeyValuePairAttribute\"}]","measuredHeight":3.0,"storeysAboveGround":1,"type":"bldg:Building","usage":"[\"運輸倉庫施設\"]"},"id":"bldg_51dc6f88-af72-41bb-a7a4-acec919c9f48"},{"type":"Feature","geometry":{"type":"MultiPolygon","coordinates":[[[[135.49921583150675,34.591581168726655,47.06585281945832],[135.49921136186126,34.59159262765979,47.06578911309652],[135.49922497472798,34.59159493732668,47.06582905106011],[135.49921654194912,34.59163772501105,47.06562119714189],[135.49929819216362,34.59165609048495,47.06584202924024],[135.49930654377678,34.5916268252901,47.065993603119345],[135.49931200785588,34.59162459390389,47.066022713617095],[135.4993211605763,34.59160225658429,47.066148511218564],[135.49921583150675,34.591581168726655,47.06585281945832]]],[[[135.49921583150675,34.591581168726655,47.06585281945832],[135.4993211605763,34.59160225658429,47.066148511218564],[135.4993211605763,34.59160225658429,53.345448511218564],[135.49921583150675,34.591581168726655,53.34515281945832],[135.49921583150675,34.591581168726655,47.06585281945832]]],[[[135.4993211605763,34.59160225658429,47.066148511218564],[135.49931200785588,34.59162459390389,47.066022713617095],[135.49931200785588,34.59162459390389,53.345322713617094],[135.4993211605763,34.59160225658429,53.345448511218564],[135.4993211605763,34.59160225658429,47.066148511218564]]],[[[135.49931200785588,34.59162459390389,47.066022713617095],[135.49930654377678,34.5916268252901,47.065993603119345],[135.49930654377678,34.5916268252901,53.345293603119345],[135.49931200785588,34.59162459390389,53.345322713617094],[135.49931200785588,34.59162459390389,47.066022713617095]]],[[[135.49930654377678,34.5916268252901,47.065993603119345],[135.49929819216362,34.59165609048495,47.06584202924024],[135.49929819216362,34.59165609048495,53.345142029240236],[135.49930654377678,34.5916268252901,53.345293603119345],[135.49930654377678,34.5916268252901,47.065993603119345]]],[[[135.49929819216362,34.59165609048495,47.06584202924024],[135.49921654194912,34.59163772501105,47.06562119714189],[135.49921654194912,34.59163772501105,53.344921197141886],[135.49929819216362,34.59165609048495,53.345142029240236],[135.49929819216362,34.59165609048495,47.06584202924024]]],[[[135.49921654194912,34.59163772501105,47.06562119714189],[135.49922497472798,34.59159493732668,47.06582905106011],[135.49922497472798,34.59159493732668,53.34512905106011],[135.49921654194912,34.59163772501105,53.344921197141886],[135.49921654194912,34.59163772501105,47.06562119714189]]],[[[135.49922497472798,34.59159493732668,47.06582905106011],[135.49921136186126,34.59159262765979,47.06578911309652],[135.49921136186126,34.59159262765979,53.34508911309652],[135.49922497472798,34.59159493732668,53.34512905106011],[135.49922497472798,34.59159493732668,47.06582905106011]]],[[[135.49921136186126,34.59159262765979,47.06578911309652],[135.49921583150675,34.591581168726655,47.06585281945832],[135.49921583150675,34.591581168726655,53.34515281945832],[135.49921136186126,34.59159262765979,53.34508911309652],[135.49921136186126,34.59159262765979,47.06578911309652]]],[[[135.49921583150675,34.591581168726655,53.34515281945832],[135.4993211605763,34.59160225658429,53.345448511218564],[135.49931200785588,34.59162459390389,53.345322713617094],[135.49930654377678,34.5916268252901,53.345293603119345],[135.49929819216362,34.59165609048495,53.345142029240236],[135.49921654194912,34.59163772501105,53.344921197141886],[135.49922497472798,34.59159493732668,53.34512905106011],[135.49921136186126,34.59159262765979,53.34508911309652],[135.49921583150675,34.591581168726655,53.34515281945832]]]]},"properties":{"buildingDataQualityAttribute":"{\"appearanceSrcDescLod2\":[\"未作成\"],\"appearanceSrcDescLod3\":[\"未作成\"],\"geometrySrcDescLod0\":[\"公共測量成果又は基本測量成果\"],\"geometrySrcDescLod1\":[\"公共測量成果又は基本測量成果\"],\"geometrySrcDescLod2\":[\"未作成\"],\"geometrySrcDescLod3\":[\"未作成\"],\"lod1HeightType\":\"点群から取得_中央値\",\"publicSurveyDataQualityAttribute\":{\"publicSurveySrcDescLod0\":[\"数値地形図データ\"],\"publicSurveySrcDescLod1\":[\"数値地形図データ\"],\"srcScaleLod0\":\"地図情報レベル2500\",\"srcScaleLod1\":\"地図情報レベル2500\",\"type\":\"uro:PublicSurveyDataQualityAttribute\"},\"thematicSrcDesc\":[\"公共測量成果又は基本測量成果\",\"公共測量成果又は基本測量成果ではない測量成果\",\"都市計画基礎調査\",\"その他のGISデータ\"],\"type\":\"uro:DataQualityAttribute\"}","buildingDetailAttribute":"[{\"basementFirstUsage\":\"不明\",\"basementSecondUsage\":\"不明\",\"buildingRoofEdgeArea\":52.4398641908,\"buildingStructureOrgType\":\"木造\",\"buildingStructureType\":\"木造・土蔵造\",\"detailedUsage\":\"一戸建住宅\",\"groundFloorUsage\":\"不明\",\"secondFloorUsage\":\"不明\",\"specifiedBuildingCoverageRate\":80.0,\"surveyYear\":\"2017\",\"thirdFloorUsage\":\"不明\",\"type\":\"uro:BuildingDetailAttribute\"}]","buildingDisasterRiskAttribute":"[{\"adminType\":\"国\",\"depth\":0.174,\"description\":\"大和川水系大和川\",\"duration\":0.0,\"rank\":\"0.5m未満\",\"scale\":\"L2（想定最大規模）\",\"type\":\"uro:RiverFloodingRiskAttribute\"}]","buildingIDAttribute":"[{\"branchID\":1,\"buildingID\":\"27100-bldg-26705\",\"city\":\"大阪府大阪市住吉区\",\"prefecture\":\"大阪府\",\"type\":\"uro:BuildingIDAttribute\"}]","class":"普通建物","creationDate":"2023-03-22","genericAttribute":"{\"1/2500図郭\":111,\"type\":\"gen:genericAttribute\",\"ユーザーID\":100698,\"区名\":\"住吉区\",\"町丁目名称\":\"山之内５丁目\",\"街区番号\":4,\"計測周辺長\":31.629859471}","id":"bldg_03f46f98-f790-474e-a577-4394ee0946d2","keyValuePairAttribute":"[{\"codeValue\":\"住吉区\",\"key\":\"区番号\",\"type\":\"uro:KeyValuePairAttribute\"},{\"codeValue\":\"山之内５丁目\",\"key\":\"住所コード\",\"type\":\"uro:KeyValuePairAttribute\"},{\"codeValue\":\"不明\",\"key\":\"地下２階用途\",\"type\":\"uro:KeyValuePairAttribute\"},{\"codeValue\":\"不明\",\"key\":\"地下１階用途\",\"type\":\"uro:KeyValuePairAttribute\"},{\"codeValue\":\"一戸建住宅\",\"key\":\"地上１階用途\",\"type\":\"uro:KeyValuePairAttribute\"},{\"codeValue\":\"一戸建住宅\",\"key\":\"地上２階用途\",\"type\":\"uro:KeyValuePairAttribute\"},{\"codeValue\":\"不明\",\"key\":\"地上３階用途\",\"type\":\"uro:KeyValuePairAttribute\"}]","measuredHeight":6.3,"storeysAboveGround":2,"type":"bldg:Building","usage":"[\"住宅\"]"},"id":"bldg_03f46f98-f790-474e-a577-4394ee0946d2"},{"type":"Feature","geometry":{"type":"MultiPolygon","coordinates":[[[[135.49877759638616,34.59150179452111,46.35298764275406],[135.49876697314957,34.59154079580069,46.35278760651072],[135.49886492145836,34.59155903918483,46.35306831563868],[135.49887554465172,34.59152003789647,46.35326837438926],[135.49877759638616,34.59150179452111,46.35298764275406]]],[[[135.49877759638616,34.59150179452111,46.35298764275406],[135.49887554465172,34.59152003789647,46.35326837438926],[135.49887554465172,34.59152003789647,55.15416837439926],[135.49877759638616,34.59150179452111,55.15388764276406],[135.49877759638616,34.59150179452111,46.35298764275406]]],[[[135.49887554465172,34.59152003789647,46.35326837438926],[135.49886492145836,34.59155903918483,46.35306831563868],[135.49886492145836,34.59155903918483,55.15396831564868],[135.49887554465172,34.59152003789647,55.15416837439926],[135.49887554465172,34.59152003789647,46.35326837438926]]],[[[135.49886492145836,34.59155903918483,46.35306831563868],[135.49876697314957,34.59154079580069,46.35278760651072],[135.49876697314957,34.59154079580069,55.15368760652072],[135.49886492145836,34.59155903918483,55.15396831564868],[135.49886492145836,34.59155903918483,46.35306831563868]]],[[[135.49876697314957,34.59154079580069,46.35278760651072],[135.49877759638616,34.59150179452111,46.35298764275406],[135.49877759638616,34.59150179452111,55.15388764276406],[135.49876697314957,34.59154079580069,55.15368760652072],[135.49876697314957,34.59154079580069,46.35278760651072]]],[[[135.49877759638616,34.59150179452111,55.15388764276406],[135.49887554465172,34.59152003789647,55.15416837439926],[135.49886492145836,34.59155903918483,55.15396831564868],[135.49876697314957,34.59154079580069,55.15368760652072],[135.49877759638616,34.59150179452111,55.15388764276406]]]]},"properties":{"buildingDataQualityAttribute":"{\"appearanceSrcDescLod2\":[\"未作成\"],\"appearanceSrcDescLod3\":[\"未作成\"],\"geometrySrcDescLod0\":[\"公共測量成果又は基本測量成果\"],\"geometrySrcDescLod1\":[\"公共測量成果又は基本測量成果\"],\"geometrySrcDescLod2\":[\"未作成\"],\"geometrySrcDescLod3\":[\"未作成\"],\"lod1HeightType\":\"点群から取得_中央値\",\"publicSurveyDataQualityAttribute\":{\"publicSurveySrcDescLod0\":[\"数値地形図データ\"],\"publicSurveySrcDescLod1\":[\"数値地形図データ\"],\"srcScaleLod0\":\"地図情報レベル2500\",\"srcScaleLod1\":\"地図情報レベル2500\",\"type\":\"uro:PublicSurveyDataQualityAttribute\"},\"thematicSrcDesc\":[\"公共測量成果又は基本測量成果\",\"公共測量成果又は基本測量成果ではない測量成果\",\"都市計画基礎調査\",\"その他のGISデータ\"],\"type\":\"uro:DataQualityAttribute\"}","buildingDetailAttribute":"[{\"basementFirstUsage\":\"不明\",\"basementSecondUsage\":\"不明\",\"buildingRoofEdgeArea\":42.9602529867,\"buildingStructureOrgType\":\"木造\",\"buildingStructureType\":\"木造・土蔵造\",\"detailedUsage\":\"一戸建住宅\",\"groundFloorUsage\":\"不明\",\"secondFloorUsage\":\"不明\",\"specifiedBuildingCoverageRate\":80.0,\"surveyYear\":\"2017\",\"thirdFloorUsage\":\"不明\",\"type\":\"uro:BuildingDetailAttribute\"}]","buildingDisasterRiskAttribute":"[{\"adminType\":\"国\",\"depth\":0.571,\"description\":\"大和川水系大和川\",\"duration\":0.0,\"rank\":\"0.5m以上3m未満\",\"scale\":\"L2（想定最大規模）\",\"type\":\"uro:RiverFloodingRiskAttribute\"}]","buildingIDAttribute":"[{\"branchID\":1,\"buildingID\":\"27100-bldg-26735\",\"city\":\"大阪府大阪市住吉区\",\"prefecture\":\"大阪府\",\"type\":\"uro:BuildingIDAttribute\"}]","class":"普通建物","creationDate":"2023-03-22","genericAttribute":"{\"1/2500図郭\":111,\"type\":\"gen:genericAttribute\",\"ユーザーID\":100706,\"区名\":\"住吉区\",\"町丁目名称\":\"山之内５丁目\",\"街区番号\":6,\"計測周辺長\":28.6648734724}","id":"bldg_094db67c-d789-40db-8b6e-7ae62e6d2fff","keyValuePairAttribute":"[{\"codeValue\":\"住吉区\",\"key\":\"区番号\",\"type\":\"uro:KeyValuePairAttribute\"},{\"codeValue\":\"山之内５丁目\",\"key\":\"住所コード\",\"type\":\"uro:KeyValuePairAttribute\"},{\"codeValue\":\"不明\",\"key\":\"地下２階用途\",\"type\":\"uro:KeyValuePairAttribute\"},{\"codeValue\":\"不明\",\"key\":\"地下１階用途\",\"type\":\"uro:KeyValuePairAttribute\"},{\"codeValue\":\"一戸建住宅\",\"key\":\"地上１階用途\",\"type\":\"uro:KeyValuePairAttribute\"},{\"codeValue\":\"一戸建住宅\",\"key\":\"地上２階用途\",\"type\":\"uro:KeyValuePairAttribute\"},{\"codeValue\":\"不明\",\"key\":\"地上３階用途\",\"type\":\"uro:KeyValuePairAttribute\"}]","measuredHeight":8.8,"storeysAboveGround":2,"type":"bldg:Building","usage":"[\"住宅\"]"},"id":"bldg_094db67c-d789-40db-8b6e-7ae62e6d2fff"},{"type":"Feature","geometry":{"type":"MultiPolygon","coordinates":[[[[135.49963712558363,34.59012714704717,46.36010995097427],[135.4996039498928,34.590205894203024,46.35966271436051],[135.49974533780127,34.59026056519382,46.35995151052706],[135.4997894278174,34.59017960893136,46.360447746964795],[135.49963712558363,34.59012714704717,46.36010995097427]]],[[[135.49963712558363,34.59012714704717,46.36010995097427],[135.4997894278174,34.59017960893136,46.360447746964795],[135.4997894278174,34.59017960893136,53.9630477469648],[135.49963712558363,34.59012714704717,53.96270995097427],[135.49963712558363,34.59012714704717,46.36010995097427]]],[[[135.4997894278174,34.59017960893136,46.360447746964795],[135.49974533780127,34.59026056519382,46.35995151052706],[135.49974533780127,34.59026056519382,53.962551510527064],[135.4997894278174,34.59017960893136,53.9630477469648],[135.4997894278174,34.59017960893136,46.360447746964795]]],[[[135.49974533780127,34.59026056519382,46.35995151052706],[135.4996039498928,34.590205894203024,46.35966271436051],[135.4996039498928,34.590205894203024,53.96226271436051],[135.49974533780127,34.59026056519382,53.962551510527064],[135.49974533780127,34.59026056519382,46.35995151052706]]],[[[135.4996039498928,34.590205894203024,46.35966271436051],[135.49963712558363,34.59012714704717,46.36010995097427],[135.49963712558363,34.59012714704717,53.96270995097427],[135.4996039498928,34.590205894203024,53.96226271436051],[135.4996039498928,34.590205894203024,46.35966271436051]]],[[[135.49963712558363,34.59012714704717,53.96270995097427],[135.4997894278174,34.59017960893136,53.9630477469648],[135.49974533780127,34.59026056519382,53.962551510527064],[135.4996039498928,34.590205894203024,53.96226271436051],[135.49963712558363,34.59012714704717,53.96270995097427]]]]},"properties":{"buildingDataQualityAttribute":"{\"appearanceSrcDescLod2\":[\"未作成\"],\"appearanceSrcDescLod3\":[\"未作成\"],\"geometrySrcDescLod0\":[\"公共測量成果又は基本測量成果\"],\"geometrySrcDescLod1\":[\"公共測量成果又は基本測量成果\"],\"geometrySrcDescLod2\":[\"未作成\"],\"geometrySrcDescLod3\":[\"未作成\"],\"lod1HeightType\":\"点群から取得_中央値\",\"publicSurveyDataQualityAttribute\":{\"publicSurveySrcDescLod0\":[\"数値地形図データ\"],\"publicSurveySrcDescLod1\":[\"数値地形図データ\"],\"srcScaleLod0\":\"地図情報レベル2500\",\"srcScaleLod1\":\"地図情報レベル2500\",\"type\":\"uro:PublicSurveyDataQualityAttribute\"},\"thematicSrcDesc\":[\"公共測量成果又は基本測量成果\",\"公共測量成果又は基本測量成果ではない測量成果\",\"都市計画基礎調査\",\"その他のGISデータ\"],\"type\":\"uro:DataQualityAttribute\"}","buildingDetailAttribute":"[{\"basementFirstUsage\":\"不明\",\"basementSecondUsage\":\"不明\",\"buildingRoofEdgeArea\":40.4786956043,\"buildingStructureOrgType\":\"木造\",\"buildingStructureType\":\"木造・土蔵造\",\"detailedUsage\":\"長屋建住宅\",\"groundFloorUsage\":\"不明\",\"secondFloorUsage\":\"不明\",\"specifiedBuildingCoverageRate\":80.0,\"surveyYear\":\"2017\",\"thirdFloorUsage\":\"不明\",\"type\":\"uro:BuildingDetailAttribute\"}]","buildingDisasterRiskAttribute":"[{\"adminType\":\"国\",\"depth\":0.18,\"description\":\"大和川水系大和川\",\"rank\":\"0.5m未満\",\"scale\":\"L1（計画規模）\",\"type\":\"uro:RiverFloodingRiskAttribute\"},{\"adminType\":\"国\",\"depth\":0.94,\"description\":\"大和川水系大和川\",\"duration\":4.95,\"rank\":\"0.5m以上3m未満\",\"scale\":\"L2（想定最大規模）\",\"type\":\"uro:RiverFloodingRiskAttribute\"}]","buildingIDAttribute":"[{\"branchID\":1,\"buildingID\":\"27100-bldg-27020\",\"city\":\"大阪府大阪市住吉区\",\"prefecture\":\"大阪府\",\"type\":\"uro:BuildingIDAttribute\"}]","class":"普通建物","creationDate":"2023-03-22","genericAttribute":"{\"1/2500図郭\":111,\"type\":\"gen:genericAttribute\",\"ユーザーID\":100840,\"区名\":\"住吉区\",\"町丁目名称\":\"山之内５丁目\",\"街区番号\":3,\"計測周辺長\":27.8243558404}","id":"bldg_59483510-fb0c-4f12-a735-848c05f7045a","keyValuePairAttribute":"[{\"codeValue\":\"住吉区\",\"key\":\"区番号\",\"type\":\"uro:KeyValuePairAttribute\"},{\"codeValue\":\"山之内５丁目\",\"key\":\"住所コード\",\"type\":\"uro:KeyValuePairAttribute\"},{\"codeValue\":\"不明\",\"key\":\"地下２階用途\",\"type\":\"uro:KeyValuePairAttribute\"},{\"codeValue\":\"不明\",\"key\":\"地下１階用途\",\"type\":\"uro:KeyValuePairAttribute\"},{\"codeValue\":\"長屋建住宅\",\"key\":\"地上１階用途\",\"type\":\"uro:KeyValuePairAttribute\"},{\"codeValue\":\"長屋建住宅\",\"key\":\"地上２階用途\",\"type\":\"uro:KeyValuePairAttribute\"},{\"codeValue\":\"不明\",\"key\":\"地上３階用途\",\"type\":\"uro:KeyValuePairAttribute\"}]","measuredHeight":7.6,"storeysAboveGround":2,"type":"bldg:Building","usage":"[\"住宅\"]"},"id":"bldg_59483510-fb0c-4f12-a735-848c05f7045a"},{"type":"Feature","geometry":{"type":"MultiPolygon","coordinates":[[[[135.49997149167606,34.59066129815581,46.82211442273323],[135.49978690194212,34.59060106015342,46.821691763094506],[135.499759284761,34.5906617996881,46.821339428510576],[135.49977832097247,34.59066863913418,46.82138041665692],[135.49977006418044,34.59068212812004,46.82129443755896],[135.49993924705527,34.59073567773103,46.82168862948369],[135.49997149167606,34.59066129815581,46.82211442273323]]],[[[135.49997149167606,34.59066129815581,46.82211442273323],[135.49993924705527,34.59073567773103,46.82168862948369],[135.49993924705527,34.59073567773103,53.721288629483695],[135.49997149167606,34.59066129815581,53.72171442273323],[135.49997149167606,34.59066129815581,46.82211442273323]]],[[[135.49993924705527,34.59073567773103,46.82168862948369],[135.49977006418044,34.59068212812004,46.82129443755896],[135.49977006418044,34.59068212812004,53.72089443755897],[135.49993924705527,34.59073567773103,53.721288629483695],[135.49993924705527,34.59073567773103,46.82168862948369]]],[[[135.49977006418044,34.59068212812004,46.82129443755896],[135.49977832097247,34.59066863913418,46.82138041665692],[135.49977832097247,34.59066863913418,53.72098041665693],[135.49977006418044,34.59068212812004,53.72089443755897],[135.49977006418044,34.59068212812004,46.82129443755896]]],[[[135.49977832097247,34.59066863913418,46.82138041665692],[135.499759284761,34.5906617996881,46.821339428510576],[135.499759284761,34.5906617996881,53.720939428510576],[135.49977832097247,34.59066863913418,53.72098041665693],[135.49977832097247,34.59066863913418,46.82138041665692]]],[[[135.499759284761,34.5906617996881,46.821339428510576],[135.49978690194212,34.59060106015342,46.821691763094506],[135.49978690194212,34.59060106015342,53.72129176309451],[135.499759284761,34.5906617996881,53.720939428510576],[135.499759284761,34.5906617996881,46.821339428510576]]],[[[135.49978690194212,34.59060106015342,46.821691763094506],[135.49997149167606,34.59066129815581,46.82211442273323],[135.49997149167606,34.59066129815581,53.72171442273323],[135.49978690194212,34.59060106015342,53.72129176309451],[135.49978690194212,34.59060106015342,46.821691763094506]]],[[[135.49997149167606,34.59066129815581,53.72171442273323],[135.49993924705527,34.59073567773103,53.721288629483695],[135.49977006418044,34.59068212812004,53.72089443755897],[135.49977832097247,34.59066863913418,53.72098041665693],[135.499759284761,34.5906617996881,53.720939428510576],[135.49978690194212,34.59060106015342,53.72129176309451],[135.49997149167606,34.59066129815581,53.72171442273323]]]]},"properties":{"buildingDataQualityAttribute":"{\"appearanceSrcDescLod2\":[\"未作成\"],\"appearanceSrcDescLod3\":[\"未作成\"],\"geometrySrcDescLod0\":[\"公共測量成果又は基本測量成果\"],\"geometrySrcDescLod1\":[\"公共測量成果又は基本測量成果\"],\"geometrySrcDescLod2\":[\"未作成\"],\"geometrySrcDescLod3\":[\"未作成\"],\"lod1HeightType\":\"点群から取得_中央値\",\"publicSurveyDataQualityAttribute\":{\"publicSurveySrcDescLod0\":[\"数値地形図データ\"],\"publicSurveySrcDescLod1\":[\"数値地形図データ\"],\"srcScaleLod0\":\"地図情報レベル2500\",\"srcScaleLod1\":\"地図情報レベル2500\",\"type\":\"uro:PublicSurveyDataQualityAttribute\"},\"thematicSrcDesc\":[\"公共測量成果又は基本測量成果\",\"公共測量成果又は基本測量成果ではない測量成果\",\"都市計画基礎調査\",\"その他のGISデータ\"],\"type\":\"uro:DataQualityAttribute\"}","buildingDetailAttribute":"[{\"basementFirstUsage\":\"不明\",\"basementSecondUsage\":\"不明\",\"buildingRoofEdgeArea\":34.4193216105,\"buildingStructureOrgType\":\"木造\",\"buildingStructureType\":\"木造・土蔵造\",\"detailedUsage\":\"長屋建住宅\",\"groundFloorUsage\":\"不明\",\"secondFloorUsage\":\"不明\",\"specifiedBuildingCoverageRate\":80.0,\"surveyYear\":\"2017\",\"thirdFloorUsage\":\"不明\",\"type\":\"uro:BuildingDetailAttribute\"}]","buildingDisasterRiskAttribute":"[{\"adminType\":\"国\",\"depth\":0.027,\"description\":\"大和川水系大和川\",\"rank\":\"0.5m未満\",\"scale\":\"L1（計画規模）\",\"type\":\"uro:RiverFloodingRiskAttribute\"},{\"adminType\":\"国\",\"depth\":0.507,\"description\":\"大和川水系大和川\",\"duration\":1.65,\"rank\":\"0.5m以上3m未満\",\"scale\":\"L2（想定最大規模）\",\"type\":\"uro:RiverFloodingRiskAttribute\"}]","buildingIDAttribute":"[{\"branchID\":1,\"buildingID\":\"27100-bldg-26903\",\"city\":\"大阪府大阪市住吉区\",\"prefecture\":\"大阪府\",\"type\":\"uro:BuildingIDAttribute\"}]","class":"普通建物","creationDate":"2023-03-22","genericAttribute":"{\"1/2500図郭\":111,\"type\":\"gen:genericAttribute\",\"ユーザーID\":100735,\"区名\":\"住吉区\",\"町丁目名称\":\"山之内５丁目\",\"街区番号\":3,\"計測周辺長\":25.4403109793}","id":"bldg_cef7c542-4e42-49cc-acc3-83fb73f81e9c","keyValuePairAttribute":"[{\"codeValue\":\"住吉区\",\"key\":\"区番号\",\"type\":\"uro:KeyValuePairAttribute\"},{\"codeValue\":\"山之内５丁目\",\"key\":\"住所コード\",\"type\":\"uro:KeyValuePairAttribute\"},{\"codeValue\":\"不明\",\"key\":\"地下２階用途\",\"type\":\"uro:KeyValuePairAttribute\"},{\"codeValue\":\"不明\",\"key\":\"地下１階用途\",\"type\":\"uro:KeyValuePairAttribute\"},{\"codeValue\":\"長屋建住宅\",\"key\":\"地上１階用途\",\"type\":\"uro:KeyValuePairAttribute\"},{\"codeValue\":\"長屋建住宅\",\"key\":\"地上２階用途\",\"type\":\"uro:KeyValuePairAttribute\"},{\"codeValue\":\"不明\",\"key\":\"地上３階用途\",\"type\":\"uro:KeyValuePairAttribute\"}]","measuredHeight":6.9,"storeysAboveGround":2,"type":"bldg:Building","usage":"[\"住宅\"]"},"id":"bldg_cef7c542-4e42-49cc-acc3-83fb73f81e9c"},{"type":"Feature","geometry":{"type":"MultiPolygon","coordinates":[[[[135.49880077132403,34.59141670490138,46.48612407550244],[135.498790371004,34.59145489572947,46.48592819281111],[135.49888831921757,34.591473139094234,46.48620895151128],[135.49889873039635,34.59143494830232,46.48640489570909],[135.49880077132403,34.59141670490138,46.48612407550244]]],[[[135.49880077132403,34.59141670490138,46.48612407550244],[135.49889873039635,34.59143494830232,46.48640489570909],[135.49889873039635,34.59143494830232,55.58460489570909],[135.49880077132403,34.59141670490138,55.58432407550244],[135.49880077132403,34.59141670490138,46.48612407550244]]],[[[135.49889873039635,34.59143494830232,46.48640489570909],[135.49888831921757,34.591473139094234,46.48620895151128],[135.49888831921757,34.591473139094234,55.58440895151128],[135.49889873039635,34.59143494830232,55.58460489570909],[135.49889873039635,34.59143494830232,46.48640489570909]]],[[[135.49888831921757,34.591473139094234,46.48620895151128],[135.498790371004,34.59145489572947,46.48592819281111],[135.498790371004,34.59145489572947,55.58412819281111],[135.49888831921757,34.591473139094234,55.58440895151128],[135.49888831921757,34.591473139094234,46.48620895151128]]],[[[135.498790371004,34.59145489572947,46.48592819281111],[135.49880077132403,34.59141670490138,46.48612407550244],[135.49880077132403,34.59141670490138,55.58432407550244],[135.498790371004,34.59145489572947,55.58412819281111],[135.498790371004,34.59145489572947,46.48592819281111]]],[[[135.49880077132403,34.59141670490138,55.58432407550244],[135.49889873039635,34.59143494830232,55.58460489570909],[135.49888831921757,34.591473139094234,55.58440895151128],[135.498790371004,34.59145489572947,55.58412819281111],[135.49880077132403,34.59141670490138,55.58432407550244]]]]},"properties":{"buildingDataQualityAttribute":"{\"appearanceSrcDescLod2\":[\"未作成\"],\"appearanceSrcDescLod3\":[\"未作成\"],\"geometrySrcDescLod0\":[\"公共測量成果又は基本測量成果\"],\"geometrySrcDescLod1\":[\"公共測量成果又は基本測量成果\"],\"geometrySrcDescLod2\":[\"未作成\"],\"geometrySrcDescLod3\":[\"未作成\"],\"lod1HeightType\":\"点群から取得_中央値\",\"publicSurveyDataQualityAttribute\":{\"publicSurveySrcDescLod0\":[\"数値地形図データ\"],\"publicSurveySrcDescLod1\":[\"数値地形図データ\"],\"srcScaleLod0\":\"地図情報レベル2500\",\"srcScaleLod1\":\"地図情報レベル2500\",\"type\":\"uro:PublicSurveyDataQualityAttribute\"},\"thematicSrcDesc\":[\"公共測量成果又は基本測量成果\",\"公共測量成果又は基本測量成果ではない測量成果\",\"都市計画基礎調査\",\"その他のGISデータ\"],\"type\":\"uro:DataQualityAttribute\"}","buildingDetailAttribute":"[{\"basementFirstUsage\":\"不明\",\"basementSecondUsage\":\"不明\",\"buildingRoofEdgeArea\":46.6585344438,\"buildingStructureOrgType\":\"木造\",\"buildingStructureType\":\"木造・土蔵造\",\"detailedUsage\":\"一戸建住宅\",\"groundFloorUsage\":\"不明\",\"secondFloorUsage\":\"不明\",\"specifiedBuildingCoverageRate\":80.0,\"surveyYear\":\"2017\",\"thirdFloorUsage\":\"不明\",\"type\":\"uro:BuildingDetailAttribute\"}]","buildingDisasterRiskAttribute":"[{\"adminType\":\"国\",\"depth\":0.771,\"description\":\"大和川水系大和川\",\"duration\":0.0,\"rank\":\"0.5m以上3m未満\",\"scale\":\"L2（想定最大規模）\",\"type\":\"uro:RiverFloodingRiskAttribute\"}]","buildingIDAttribute":"[{\"branchID\":1,\"buildingID\":\"27100-bldg-26752\",\"city\":\"大阪府大阪市住吉区\",\"prefecture\":\"大阪府\",\"type\":\"uro:BuildingIDAttribute\"}]","class":"普通建物","creationDate":"2023-03-22","genericAttribute":"{\"1/2500図郭\":111,\"type\":\"gen:genericAttribute\",\"ユーザーID\":100715,\"区名\":\"住吉区\",\"町丁目名称\":\"山之内５丁目\",\"街区番号\":6,\"計測周辺長\":29.4012068418}","id":"bldg_7d62ace9-c8d6-437b-9583-dbc30ed4365d","keyValuePairAttribute":"[{\"codeValue\":\"住吉区\",\"key\":\"区番号\",\"type\":\"uro:KeyValuePairAttribute\"},{\"codeValue\":\"山之内５丁目\",\"key\":\"住所コード\",\"type\":\"uro:KeyValuePairAttribute\"},{\"codeValue\":\"不明\",\"key\":\"地下２階用途\",\"type\":\"uro:KeyValuePairAttribute\"},{\"codeValue\":\"不明\",\"key\":\"地下１階用途\",\"type\":\"uro:KeyValuePairAttribute\"},{\"codeValue\":\"一戸建住宅\",\"key\":\"地上１階用途\",\"type\":\"uro:KeyValuePairAttribute\"},{\"codeValue\":\"一戸建住宅\",\"key\":\"地上２階用途\",\"type\":\"uro:KeyValuePairAttribute\"},{\"codeValue\":\"不明\",\"key\":\"地上３階用途\",\"type\":\"uro:KeyValuePairAttribute\"}]","measuredHeight":9.1,"storeysAboveGround":2,"type":"bldg:Building","usage":"[\"住宅\"]"},"id":"bldg_7d62ace9-c8d6-437b-9583-dbc30ed4365d"},{"type":"Feature","geometry":{"type":"MultiPolygon","coordinates":[[[[135.4996482875526,34.58997090493568,46.5572980800239],[135.4996798186412,34.58990316401631,46.557693779219946],[135.49953247680656,34.5898540074848,46.55736008249497],[135.49950580239965,34.589910243225354,46.55702981267646],[135.4995184858117,34.589914802852405,46.55705717806025],[135.49951296779233,34.58992604924922,46.556990460838335],[135.4996482875526,34.58997090493568,46.5572980800239]]],[[[135.4996482875526,34.58997090493568,46.5572980800239],[135.49951296779233,34.58992604924922,46.556990460838335],[135.49951296779233,34.58992604924922,53.803090460828344],[135.4996482875526,34.58997090493568,53.80339808001389],[135.4996482875526,34.58997090493568,46.5572980800239]]],[[[135.49951296779233,34.58992604924922,46.556990460838335],[135.4995184858117,34.589914802852405,46.55705717806025],[135.4995184858117,34.589914802852405,53.803157178050256],[135.49951296779233,34.58992604924922,53.803090460828344],[135.49951296779233,34.58992604924922,46.556990460838335]]],[[[135.4995184858117,34.589914802852405,46.55705717806025],[135.49950580239965,34.589910243225354,46.55702981267646],[135.49950580239965,34.589910243225354,53.803129812666455],[135.4995184858117,34.589914802852405,53.803157178050256],[135.4995184858117,34.589914802852405,46.55705717806025]]],[[[135.49950580239965,34.589910243225354,46.55702981267646],[135.49953247680656,34.5898540074848,46.55736008249497],[135.49953247680656,34.5898540074848,53.803460082484975],[135.49950580239965,34.589910243225354,53.803129812666455],[135.49950580239965,34.589910243225354,46.55702981267646]]],[[[135.49953247680656,34.5898540074848,46.55736008249497],[135.4996798186412,34.58990316401631,46.557693779219946],[135.4996798186412,34.58990316401631,53.803793779209954],[135.49953247680656,34.5898540074848,53.803460082484975],[135.49953247680656,34.5898540074848,46.55736008249497]]],[[[135.4996798186412,34.58990316401631,46.557693779219946],[135.4996482875526,34.58997090493568,46.5572980800239],[135.4996482875526,34.58997090493568,53.80339808001389],[135.4996798186412,34.58990316401631,53.803793779209954],[135.4996798186412,34.58990316401631,46.557693779219946]]],[[[135.4996482875526,34.58997090493568,53.80339808001389],[135.49951296779233,34.58992604924922,53.803090460828344],[135.4995184858117,34.589914802852405,53.803157178050256],[135.49950580239965,34.589910243225354,53.803129812666455],[135.49953247680656,34.5898540074848,53.803460082484975],[135.4996798186412,34.58990316401631,53.803793779209954],[135.4996482875526,34.58997090493568,53.80339808001389]]]]},"properties":{"buildingDataQualityAttribute":"{\"appearanceSrcDescLod2\":[\"未作成\"],\"appearanceSrcDescLod3\":[\"未作成\"],\"geometrySrcDescLod0\":[\"公共測量成果又は基本測量成果\"],\"geometrySrcDescLod1\":[\"公共測量成果又は基本測量成果\"],\"geometrySrcDescLod2\":[\"未作成\"],\"geometrySrcDescLod3\":[\"未作成\"],\"lod1HeightType\":\"点群から取得_中央値\",\"publicSurveyDataQualityAttribute\":{\"publicSurveySrcDescLod0\":[\"数値地形図データ\"],\"publicSurveySrcDescLod1\":[\"数値地形図データ\"],\"srcScaleLod0\":\"地図情報レベル2500\",\"srcScaleLod1\":\"地図情報レベル2500\",\"type\":\"uro:PublicSurveyDataQualityAttribute\"},\"thematicSrcDesc\":[\"公共測量成果又は基本測量成果\",\"公共測量成果又は基本測量成果ではない測量成果\",\"都市計画基礎調査\",\"その他のGISデータ\"],\"type\":\"uro:DataQualityAttribute\"}","buildingDetailAttribute":"[{\"basementFirstUsage\":\"不明\",\"basementSecondUsage\":\"不明\",\"buildingRoofEdgeArea\":32.180437722,\"buildingStructureOrgType\":\"木造\",\"buildingStructureType\":\"木造・土蔵造\",\"detailedUsage\":\"長屋建住宅\",\"groundFloorUsage\":\"不明\",\"secondFloorUsage\":\"不明\",\"specifiedBuildingCoverageRate\":80.0,\"surveyYear\":\"2017\",\"thirdFloorUsage\":\"不明\",\"type\":\"uro:BuildingDetailAttribute\"}]","buildingIDAttribute":"[{\"branchID\":1,\"buildingID\":\"27100-bldg-27095\",\"city\":\"大阪府大阪市住吉区\",\"prefecture\":\"大阪府\",\"type\":\"uro:BuildingIDAttribute\"}]","class":"普通建物","creationDate":"2023-03-22","genericAttribute":"{\"1/2500図郭\":111,\"type\":\"gen:genericAttribute\",\"ユーザーID\":100985,\"区名\":\"住吉区\",\"町丁目名称\":\"山之内５丁目\",\"街区番号\":3,\"計測周辺長\":24.1165700509}","id":"bldg_1dfb69a3-57ed-4a9a-9f51-ad7ea9834792","keyValuePairAttribute":"[{\"codeValue\":\"住吉区\",\"key\":\"区番号\",\"type\":\"uro:KeyValuePairAttribute\"},{\"codeValue\":\"山之内５丁目\",\"key\":\"住所コード\",\"type\":\"uro:KeyValuePairAttribute\"},{\"codeValue\":\"不明\",\"key\":\"地下２階用途\",\"type\":\"uro:KeyValuePairAttribute\"},{\"codeValue\":\"不明\",\"key\":\"地下１階用途\",\"type\":\"uro:KeyValuePairAttribute\"},{\"codeValue\":\"長屋建住宅\",\"key\":\"地上１階用途\",\"type\":\"uro:KeyValuePairAttribute\"},{\"codeValue\":\"長屋建住宅\",\"key\":\"地上２階用途\",\"type\":\"uro:KeyValuePairAttribute\"},{\"codeValue\":\"不明\",\"key\":\"地上３階用途\",\"type\":\"uro:KeyValuePairAttribute\"}]","measuredHeight":7.3,"storeysAboveGround":2,"type":"bldg:Building","usage":"[\"住宅\"]"},"id":"bldg_1dfb69a3-57ed-4a9a-9f51-ad7ea9834792"},{"type":"Feature","geometry":{"type":"MultiPolygon","coordinates":[[[[135.4990626755238,34.59139142878676,46.98398141461446],[135.49903237825743,34.59148299820788,46.98349210779138],[135.49907840490792,34.591495168371324,46.983609125933285],[135.49910348696238,34.591402865330394,46.98408252316706],[135.4990626755238,34.59139142878676,46.98398141461446]]],[[[135.4990626755238,34.59139142878676,46.98398141461446],[135.49910348696238,34.591402865330394,46.98408252316706],[135.49910348696238,34.591402865330394,53.21548252316706],[135.4990626755238,34.59139142878676,53.21538141461446],[135.4990626755238,34.59139142878676,46.98398141461446]]],[[[135.49910348696238,34.591402865330394,46.98408252316706],[135.49907840490792,34.591495168371324,46.983609125933285],[135.49907840490792,34.591495168371324,53.215009125933285],[135.49910348696238,34.591402865330394,53.21548252316706],[135.49910348696238,34.591402865330394,46.98408252316706]]],[[[135.49907840490792,34.591495168371324,46.983609125933285],[135.49903237825743,34.59148299820788,46.98349210779138],[135.49903237825743,34.59148299820788,53.21489210779138],[135.49907840490792,34.591495168371324,53.215009125933285],[135.49907840490792,34.591495168371324,46.983609125933285]]],[[[135.49903237825743,34.59148299820788,46.98349210779138],[135.4990626755238,34.59139142878676,46.98398141461446],[135.4990626755238,34.59139142878676,53.21538141461446],[135.49903237825743,34.59148299820788,53.21489210779138],[135.49903237825743,34.59148299820788,46.98349210779138]]],[[[135.4990626755238,34.59139142878676,53.21538141461446],[135.49910348696238,34.591402865330394,53.21548252316706],[135.49907840490792,34.591495168371324,53.215009125933285],[135.49903237825743,34.59148299820788,53.21489210779138],[135.4990626755238,34.59139142878676,53.21538141461446]]]]},"properties":{"buildingDataQualityAttribute":"{\"appearanceSrcDescLod2\":[\"未作成\"],\"appearanceSrcDescLod3\":[\"未作成\"],\"geometrySrcDescLod0\":[\"公共測量成果又は基本測量成果\"],\"geometrySrcDescLod1\":[\"公共測量成果又は基本測量成果\"],\"geometrySrcDescLod2\":[\"未作成\"],\"geometrySrcDescLod3\":[\"未作成\"],\"lod1HeightType\":\"点群から取得_中央値\",\"publicSurveyDataQualityAttribute\":{\"publicSurveySrcDescLod0\":[\"数値地形図データ\"],\"publicSurveySrcDescLod1\":[\"数値地形図データ\"],\"srcScaleLod0\":\"地図情報レベル2500\",\"srcScaleLod1\":\"地図情報レベル2500\",\"type\":\"uro:PublicSurveyDataQualityAttribute\"},\"thematicSrcDesc\":[\"公共測量成果又は基本測量成果\",\"公共測量成果又は基本測量成果ではない測量成果\",\"都市計画基礎調査\",\"その他のGISデータ\"],\"type\":\"uro:DataQualityAttribute\"}","buildingDetailAttribute":"[{\"basementFirstUsage\":\"不明\",\"basementSecondUsage\":\"不明\",\"buildingRoofEdgeArea\":44.1232197957,\"buildingStructureOrgType\":\"木造\",\"buildingStructureType\":\"木造・土蔵造\",\"detailedUsage\":\"一戸建住宅\",\"groundFloorUsage\":\"不明\",\"secondFloorUsage\":\"不明\",\"specifiedBuildingCoverageRate\":80.0,\"surveyYear\":\"2017\",\"thirdFloorUsage\":\"不明\",\"type\":\"uro:BuildingDetailAttribute\"}]","buildingDisasterRiskAttribute":"[{\"adminType\":\"国\",\"depth\":0.274,\"description\":\"大和川水系大和川\",\"duration\":0.0,\"rank\":\"0.5m未満\",\"scale\":\"L2（想定最大規模）\",\"type\":\"uro:RiverFloodingRiskAttribute\"}]","buildingIDAttribute":"[{\"branchID\":1,\"buildingID\":\"27100-bldg-26750\",\"city\":\"大阪府大阪市住吉区\",\"prefecture\":\"大阪府\",\"type\":\"uro:BuildingIDAttribute\"}]","class":"普通建物","creationDate":"2023-03-22","genericAttribute":"{\"1/2500図郭\":111,\"type\":\"gen:genericAttribute\",\"ユーザーID\":100713,\"区名\":\"住吉区\",\"町丁目名称\":\"山之内５丁目\",\"街区番号\":5,\"計測周辺長\":29.4414336697}","id":"bldg_6ab5a9b4-cd4b-4539-9823-25ee2fdff3a2","keyValuePairAttribute":"[{\"codeValue\":\"住吉区\",\"key\":\"区番号\",\"type\":\"uro:KeyValuePairAttribute\"},{\"codeValue\":\"山之内５丁目\",\"key\":\"住所コード\",\"type\":\"uro:KeyValuePairAttribute\"},{\"codeValue\":\"不明\",\"key\":\"地下２階用途\",\"type\":\"uro:KeyValuePairAttribute\"},{\"codeValue\":\"不明\",\"key\":\"地下１階用途\",\"type\":\"uro:KeyValuePairAttribute\"},{\"codeValue\":\"一戸建住宅\",\"key\":\"地上１階用途\",\"type\":\"uro:KeyValuePairAttribute\"},{\"codeValue\":\"一戸建住宅\",\"key\":\"地上２階用途\",\"type\":\"uro:KeyValuePairAttribute\"},{\"codeValue\":\"不明\",\"key\":\"地上３階用途\",\"type\":\"uro:KeyValuePairAttribute\"}]","measuredHeight":6.2,"storeysAboveGround":2,"type":"bldg:Building","usage":"[\"住宅\"]"},"id":"bldg_6ab5a9b4-cd4b-4539-9823-25ee2fdff3a2"},{"type":"Feature","geometry":{"type":"MultiPolygon","coordinates":[[[[135.49980557223074,34.59002303743722,46.734255553317155],[135.49983752438337,34.5899557778128,46.73465084926508],[135.4996798186412,34.58990316401631,46.73429377920995],[135.4996482875526,34.58997090493568,46.733898080013894],[135.49980557223074,34.59002303743722,46.734255553317155]]],[[[135.49980557223074,34.59002303743722,46.734255553317155],[135.4996482875526,34.58997090493568,46.733898080013894],[135.4996482875526,34.58997090493568,53.643398080013895],[135.49980557223074,34.59002303743722,53.643755553317156],[135.49980557223074,34.59002303743722,46.734255553317155]]],[[[135.4996482875526,34.58997090493568,46.733898080013894],[135.4996798186412,34.58990316401631,46.73429377920995],[135.4996798186412,34.58990316401631,53.64379377920995],[135.4996482875526,34.58997090493568,53.643398080013895],[135.4996482875526,34.58997090493568,46.733898080013894]]],[[[135.4996798186412,34.58990316401631,46.73429377920995],[135.49983752438337,34.5899557778128,46.73465084926508],[135.49983752438337,34.5899557778128,53.64415084926508],[135.4996798186412,34.58990316401631,53.64379377920995],[135.4996798186412,34.58990316401631,46.73429377920995]]],[[[135.49983752438337,34.5899557778128,46.73465084926508],[135.49980557223074,34.59002303743722,46.734255553317155],[135.49980557223074,34.59002303743722,53.643755553317156],[135.49983752438337,34.5899557778128,53.64415084926508],[135.49983752438337,34.5899557778128,46.73465084926508]]],[[[135.49980557223074,34.59002303743722,53.643755553317156],[135.4996482875526,34.58997090493568,53.643398080013895],[135.4996798186412,34.58990316401631,53.64379377920995],[135.49983752438337,34.5899557778128,53.64415084926508],[135.49980557223074,34.59002303743722,53.643755553317156]]]]},"properties":{"buildingDataQualityAttribute":"{\"appearanceSrcDescLod2\":[\"未作成\"],\"appearanceSrcDescLod3\":[\"未作成\"],\"geometrySrcDescLod0\":[\"公共測量成果又は基本測量成果\"],\"geometrySrcDescLod1\":[\"公共測量成果又は基本測量成果\"],\"geometrySrcDescLod2\":[\"未作成\"],\"geometrySrcDescLod3\":[\"未作成\"],\"lod1HeightType\":\"点群から取得_中央値\",\"publicSurveyDataQualityAttribute\":{\"publicSurveySrcDescLod0\":[\"数値地形図データ\"],\"publicSurveySrcDescLod1\":[\"数値地形図データ\"],\"srcScaleLod0\":\"地図情報レベル2500\",\"srcScaleLod1\":\"地図情報レベル2500\",\"type\":\"uro:PublicSurveyDataQualityAttribute\"},\"thematicSrcDesc\":[\"公共測量成果又は基本測量成果\",\"公共測量成果又は基本測量成果ではない測量成果\",\"都市計画基礎調査\",\"その他のGISデータ\"],\"type\":\"uro:DataQualityAttribute\"}","buildingDetailAttribute":"[{\"basementFirstUsage\":\"不明\",\"basementSecondUsage\":\"不明\",\"buildingRoofEdgeArea\":36.9772880205,\"buildingStructureOrgType\":\"木造\",\"buildingStructureType\":\"木造・土蔵造\",\"detailedUsage\":\"長屋建住宅\",\"groundFloorUsage\":\"不明\",\"secondFloorUsage\":\"不明\",\"specifiedBuildingCoverageRate\":80.0,\"surveyYear\":\"2017\",\"thirdFloorUsage\":\"不明\",\"type\":\"uro:BuildingDetailAttribute\"}]","buildingDisasterRiskAttribute":"[{\"adminType\":\"国\",\"depth\":0.089,\"description\":\"大和川水系大和川\",\"rank\":\"0.5m未満\",\"scale\":\"L1（計画規模）\",\"type\":\"uro:RiverFloodingRiskAttribute\"},{\"adminType\":\"国\",\"depth\":1.04,\"description\":\"大和川水系大和川\",\"duration\":4.9667,\"rank\":\"0.5m以上3m未満\",\"scale\":\"L2（想定最大規模）\",\"type\":\"uro:RiverFloodingRiskAttribute\"}]","buildingIDAttribute":"[{\"branchID\":1,\"buildingID\":\"27100-bldg-27082\",\"city\":\"大阪府大阪市住吉区\",\"prefecture\":\"大阪府\",\"type\":\"uro:BuildingIDAttribute\"}]","class":"普通建物","creationDate":"2023-03-22","genericAttribute":"{\"1/2500図郭\":111,\"type\":\"gen:genericAttribute\",\"ユーザーID\":100976,\"区名\":\"住吉区\",\"町丁目名称\":\"山之内５丁目\",\"街区番号\":3,\"計測周辺長\":25.263634821}","id":"bldg_4a49d5fe-1e0b-40c0-9e0f-159647ee588b","keyValuePairAttribute":"[{\"codeValue\":\"住吉区\",\"key\":\"区番号\",\"type\":\"uro:KeyValuePairAttribute\"},{\"codeValue\":\"山之内５丁目\",\"key\":\"住所コード\",\"type\":\"uro:KeyValuePairAttribute\"},{\"codeValue\":\"不明\",\"key\":\"地下２階用途\",\"type\":\"uro:KeyValuePairAttribute\"},{\"codeValue\":\"不明\",\"key\":\"地下１階用途\",\"type\":\"uro:KeyValuePairAttribute\"},{\"codeValue\":\"長屋建住宅\",\"key\":\"地上１階用途\",\"type\":\"uro:KeyValuePairAttribute\"},{\"codeValue\":\"長屋建住宅\",\"key\":\"地上２階用途\",\"type\":\"uro:KeyValuePairAttribute\"},{\"codeValue\":\"不明\",\"key\":\"地上３階用途\",\"type\":\"uro:KeyValuePairAttribute\"}]","measuredHeight":6.9,"storeysAboveGround":2,"type":"bldg:Building","usage":"[\"住宅\"]"},"id":"bldg_4a49d5fe-1e0b-40c0-9e0f-159647ee588b"},{"type":"Feature","geometry":{"type":"MultiPolygon","coordinates":[[[[135.49908800535118,34.59078922594626,46.817066863303154],[135.4990663002673,34.59083292377548,46.8168069081739],[135.49938299919634,34.590940999626184,46.817512406747944],[135.49940470414396,34.59089730174022,46.817772433334014],[135.49908800535118,34.59078922594626,46.817066863303154]]],[[[135.49908800535118,34.59078922594626,46.817066863303154],[135.49940470414396,34.59089730174022,46.817772433334014],[135.49940470414396,34.59089730174022,49.968672433334014],[135.49908800535118,34.59078922594626,49.967966863303154],[135.49908800535118,34.59078922594626,46.817066863303154]]],[[[135.49940470414396,34.59089730174022,46.817772433334014],[135.49938299919634,34.590940999626184,46.817512406747944],[135.49938299919634,34.590940999626184,49.968412406747944],[135.49940470414396,34.59089730174022,49.968672433334014],[135.49940470414396,34.59089730174022,46.817772433334014]]],[[[135.49938299919634,34.590940999626184,46.817512406747944],[135.4990663002673,34.59083292377548,46.8168069081739],[135.4990663002673,34.59083292377548,49.9677069081739],[135.49938299919634,34.590940999626184,49.968412406747944],[135.49938299919634,34.590940999626184,46.817512406747944]]],[[[135.4990663002673,34.59083292377548,46.8168069081739],[135.49908800535118,34.59078922594626,46.817066863303154],[135.49908800535118,34.59078922594626,49.967966863303154],[135.4990663002673,34.59083292377548,49.9677069081739],[135.4990663002673,34.59083292377548,46.8168069081739]]],[[[135.49908800535118,34.59078922594626,49.967966863303154],[135.49940470414396,34.59089730174022,49.968672433334014],[135.49938299919634,34.590940999626184,49.968412406747944],[135.4990663002673,34.59083292377548,49.9677069081739],[135.49908800535118,34.59078922594626,49.967966863303154]]]]},"properties":{"buildingDataQualityAttribute":"{\"appearanceSrcDescLod2\":[\"未作成\"],\"appearanceSrcDescLod3\":[\"未作成\"],\"geometrySrcDescLod0\":[\"公共測量成果又は基本測量成果\"],\"geometrySrcDescLod1\":[\"公共測量成果又は基本測量成果\"],\"geometrySrcDescLod2\":[\"未作成\"],\"geometrySrcDescLod3\":[\"未作成\"],\"lod1HeightType\":\"点群から取得_中央値\",\"publicSurveyDataQualityAttribute\":{\"publicSurveySrcDescLod0\":[\"数値地形図データ\"],\"publicSurveySrcDescLod1\":[\"数値地形図データ\"],\"srcScaleLod0\":\"地図情報レベル2500\",\"srcScaleLod1\":\"地図情報レベル2500\",\"type\":\"uro:PublicSurveyDataQualityAttribute\"},\"thematicSrcDesc\":[\"公共測量成果又は基本測量成果\",\"公共測量成果又は基本測量成果ではない測量成果\",\"都市計画基礎調査\",\"その他のGISデータ\"],\"type\":\"uro:DataQualityAttribute\"}","buildingDetailAttribute":"[{\"basementFirstUsage\":\"不明\",\"basementSecondUsage\":\"不明\",\"buildingRoofEdgeArea\":275.14077246,\"buildingStructureOrgType\":\"木造\",\"buildingStructureType\":\"木造・土蔵造\",\"detailedUsage\":\"車庫\",\"groundFloorUsage\":\"不明\",\"secondFloorUsage\":\"不明\",\"specifiedBuildingCoverageRate\":80.0,\"surveyYear\":\"2017\",\"thirdFloorUsage\":\"不明\",\"type\":\"uro:BuildingDetailAttribute\"}]","buildingDisasterRiskAttribute":"[{\"adminType\":\"国\",\"depth\":0.188,\"description\":\"大和川水系大和川\",\"rank\":\"0.5m未満\",\"scale\":\"L1（計画規模）\",\"type\":\"uro:RiverFloodingRiskAttribute\"},{\"adminType\":\"国\",\"depth\":0.575,\"description\":\"大和川水系大和川\",\"duration\":2.5333,\"rank\":\"0.5m以上3m未満\",\"scale\":\"L2（想定最大規模）\",\"type\":\"uro:RiverFloodingRiskAttribute\"}]","buildingIDAttribute":"[{\"branchID\":1,\"buildingID\":\"27100-bldg-26861\",\"city\":\"大阪府大阪市住吉区\",\"prefecture\":\"大阪府\",\"type\":\"uro:BuildingIDAttribute\"}]","class":"普通建物","creationDate":"2023-03-22","genericAttribute":"{\"1/2500図郭\":111,\"type\":\"gen:genericAttribute\",\"区名\":\"住吉区\",\"町丁目名称\":\"山之内５丁目\",\"街区番号\":3,\"計測周辺長\":85.9971499817}","id":"bldg_e00fe432-f975-436c-b770-41fa2430819b","keyValuePairAttribute":"[{\"codeValue\":\"住吉区\",\"key\":\"区番号\",\"type\":\"uro:KeyValuePairAttribute\"},{\"codeValue\":\"山之内５丁目\",\"key\":\"住所コード\",\"type\":\"uro:KeyValuePairAttribute\"},{\"codeValue\":\"不明\",\"key\":\"地下２階用途\",\"type\":\"uro:KeyValuePairAttribute\"},{\"codeValue\":\"不明\",\"key\":\"地下１階用途\",\"type\":\"uro:KeyValuePairAttribute\"},{\"codeValue\":\"車庫\",\"key\":\"地上１階用途\",\"type\":\"uro:KeyValuePairAttribute\"},{\"codeValue\":\"不明\",\"key\":\"地上２階用途\",\"type\":\"uro:KeyValuePairAttribute\"},{\"codeValue\":\"不明\",\"key\":\"地上３階用途\",\"type\":\"uro:KeyValuePairAttribute\"}]","measuredHeight":3.2,"storeysAboveGround":1,"type":"bldg:Building","usage":"[\"運輸倉庫施設\"]"},"id":"bldg_e00fe432-f975-436c-b770-41fa2430819b"},{"type":"Feature","geometry":{"type":"MultiPolygon","coordinates":[[[[135.4989425907507,34.59158223783453,47.03795474483638],[135.49904591249552,34.59159883712385,47.038261755304646],[135.49906004639016,34.59155157335847,47.038508830482385],[135.49900452485076,34.59154444879172,47.03833640848818],[135.4989527581315,34.591541982454025,47.038158354536726],[135.4989425907507,34.59158223783453,47.03795474483638]]],[[[135.4989425907507,34.59158223783453,47.03795474483638],[135.4989527581315,34.591541982454025,47.038158354536726],[135.4989527581315,34.591541982454025,53.86435835452673],[135.4989425907507,34.59158223783453,53.86415474482638],[135.4989425907507,34.59158223783453,47.03795474483638]]],[[[135.4989527581315,34.591541982454025,47.038158354536726],[135.49900452485076,34.59154444879172,47.03833640848818],[135.49900452485076,34.59154444879172,53.86453640847817],[135.4989527581315,34.591541982454025,53.86435835452673],[135.4989527581315,34.591541982454025,47.038158354536726]]],[[[135.49900452485076,34.59154444879172,47.03833640848818],[135.49906004639016,34.59155157335847,47.038508830482385],[135.49906004639016,34.59155157335847,53.86470883047238],[135.49900452485076,34.59154444879172,53.86453640847817],[135.49900452485076,34.59154444879172,47.03833640848818]]],[[[135.49906004639016,34.59155157335847,47.038508830482385],[135.49904591249552,34.59159883712385,47.038261755304646],[135.49904591249552,34.59159883712385,53.86446175529464],[135.49906004639016,34.59155157335847,53.86470883047238],[135.49906004639016,34.59155157335847,47.038508830482385]]],[[[135.49904591249552,34.59159883712385,47.038261755304646],[135.4989425907507,34.59158223783453,47.03795474483638],[135.4989425907507,34.59158223783453,53.86415474482638],[135.49904591249552,34.59159883712385,53.86446175529464],[135.49904591249552,34.59159883712385,47.038261755304646]]],[[[135.4989425907507,34.59158223783453,53.86415474482638],[135.4989527581315,34.591541982454025,53.86435835452673],[135.49900452485076,34.59154444879172,53.86453640847817],[135.49906004639016,34.59155157335847,53.86470883047238],[135.49904591249552,34.59159883712385,53.86446175529464],[135.4989425907507,34.59158223783453,53.86415474482638]]]]},"properties":{"buildingDataQualityAttribute":"{\"appearanceSrcDescLod2\":[\"未作成\"],\"appearanceSrcDescLod3\":[\"未作成\"],\"geometrySrcDescLod0\":[\"公共測量成果又は基本測量成果\"],\"geometrySrcDescLod1\":[\"公共測量成果又は基本測量成果\"],\"geometrySrcDescLod2\":[\"未作成\"],\"geometrySrcDescLod3\":[\"未作成\"],\"lod1HeightType\":\"点群から取得_中央値\",\"publicSurveyDataQualityAttribute\":{\"publicSurveySrcDescLod0\":[\"数値地形図データ\"],\"publicSurveySrcDescLod1\":[\"数値地形図データ\"],\"srcScaleLod0\":\"地図情報レベル2500\",\"srcScaleLod1\":\"地図情報レベル2500\",\"type\":\"uro:PublicSurveyDataQualityAttribute\"},\"thematicSrcDesc\":[\"公共測量成果又は基本測量成果\",\"公共測量成果又は基本測量成果ではない測量成果\",\"都市計画基礎調査\",\"その他のGISデータ\"],\"type\":\"uro:DataQualityAttribute\"}","buildingDetailAttribute":"[{\"basementFirstUsage\":\"不明\",\"basementSecondUsage\":\"不明\",\"buildingRoofEdgeArea\":49.6850769553,\"buildingStructureOrgType\":\"木造\",\"buildingStructureType\":\"木造・土蔵造\",\"detailedUsage\":\"一戸建住宅\",\"groundFloorUsage\":\"不明\",\"secondFloorUsage\":\"不明\",\"specifiedBuildingCoverageRate\":80.0,\"surveyYear\":\"2017\",\"thirdFloorUsage\":\"不明\",\"type\":\"uro:BuildingDetailAttribute\"}]","buildingDisasterRiskAttribute":"[{\"adminType\":\"国\",\"depth\":0.371,\"description\":\"大和川水系大和川\",\"duration\":0.0,\"rank\":\"0.5m未満\",\"scale\":\"L2（想定最大規模）\",\"type\":\"uro:RiverFloodingRiskAttribute\"}]","buildingIDAttribute":"[{\"branchID\":1,\"buildingID\":\"27100-bldg-26721\",\"city\":\"大阪府大阪市住吉区\",\"prefecture\":\"大阪府\",\"type\":\"uro:BuildingIDAttribute\"}]","class":"普通建物","creationDate":"2023-03-22","genericAttribute":"{\"1/2500図郭\":111,\"type\":\"gen:genericAttribute\",\"ユーザーID\":100703,\"区名\":\"住吉区\",\"町丁目名称\":\"山之内５丁目\",\"街区番号\":5,\"計測周辺長\":29.5236604721}","id":"bldg_1acc65b5-8f6c-476b-b5e1-99fe930d8b4a","keyValuePairAttribute":"[{\"codeValue\":\"住吉区\",\"key\":\"区番号\",\"type\":\"uro:KeyValuePairAttribute\"},{\"codeValue\":\"山之内５丁目\",\"key\":\"住所コード\",\"type\":\"uro:KeyValuePairAttribute\"},{\"codeValue\":\"不明\",\"key\":\"地下２階用途\",\"type\":\"uro:KeyValuePairAttribute\"},{\"codeValue\":\"不明\",\"key\":\"地下１階用途\",\"type\":\"uro:KeyValuePairAttribute\"},{\"codeValue\":\"一戸建住宅\",\"key\":\"地上１階用途\",\"type\":\"uro:KeyValuePairAttribute\"},{\"codeValue\":\"一戸建住宅\",\"key\":\"地上２階用途\",\"type\":\"uro:KeyValuePairAttribute\"},{\"codeValue\":\"不明\",\"key\":\"地上３階用途\",\"type\":\"uro:KeyValuePairAttribute\"}]","measuredHeight":6.8,"storeysAboveGround":2,"type":"bldg:Building","usage":"[\"住宅\"]"},"id":"bldg_1acc65b5-8f6c-476b-b5e1-99fe930d8b4a"},{"type":"Feature","geometry":{"type":"MultiPolygon","coordinates":[[[[135.49903957703907,34.591623647142356,47.08093600324415],[135.4990271888352,34.591669754206414,47.08070007640747],[135.49912586843323,34.591687883185905,47.08098380966166],[135.4991382565855,34.591641776111516,47.08121976334306],[135.49903957703907,34.591623647142356,47.08093600324415]]],[[[135.49903957703907,34.591623647142356,47.08093600324415],[135.4991382565855,34.591641776111516,47.08121976334306],[135.4991382565855,34.591641776111516,53.72461976334306],[135.49903957703907,34.591623647142356,53.72433600324415],[135.49903957703907,34.591623647142356,47.08093600324415]]],[[[135.4991382565855,34.591641776111516,47.08121976334306],[135.49912586843323,34.591687883185905,47.08098380966166],[135.49912586843323,34.591687883185905,53.72438380966166],[135.4991382565855,34.591641776111516,53.72461976334306],[135.4991382565855,34.591641776111516,47.08121976334306]]],[[[135.49912586843323,34.591687883185905,47.08098380966166],[135.4990271888352,34.591669754206414,47.08070007640747],[135.4990271888352,34.591669754206414,53.72410007640747],[135.49912586843323,34.591687883185905,53.72438380966166],[135.49912586843323,34.591687883185905,47.08098380966166]]],[[[135.4990271888352,34.591669754206414,47.08070007640747],[135.49903957703907,34.591623647142356,47.08093600324415],[135.49903957703907,34.591623647142356,53.72433600324415],[135.4990271888352,34.591669754206414,53.72410007640747],[135.4990271888352,34.591669754206414,47.08070007640747]]],[[[135.49903957703907,34.591623647142356,53.72433600324415],[135.4991382565855,34.591641776111516,53.72461976334306],[135.49912586843323,34.591687883185905,53.72438380966166],[135.4990271888352,34.591669754206414,53.72410007640747],[135.49903957703907,34.591623647142356,53.72433600324415]]]]},"properties":{"buildingDataQualityAttribute":"{\"appearanceSrcDescLod2\":[\"未作成\"],\"appearanceSrcDescLod3\":[\"未作成\"],\"geometrySrcDescLod0\":[\"公共測量成果又は基本測量成果\"],\"geometrySrcDescLod1\":[\"公共測量成果又は基本測量成果\"],\"geometrySrcDescLod2\":[\"未作成\"],\"geometrySrcDescLod3\":[\"未作成\"],\"lod1HeightType\":\"点群から取得_中央値\",\"publicSurveyDataQualityAttribute\":{\"publicSurveySrcDescLod0\":[\"数値地形図データ\"],\"publicSurveySrcDescLod1\":[\"数値地形図データ\"],\"srcScaleLod0\":\"地図情報レベル2500\",\"srcScaleLod1\":\"地図情報レベル2500\",\"type\":\"uro:PublicSurveyDataQualityAttribute\"},\"thematicSrcDesc\":[\"公共測量成果又は基本測量成果\",\"公共測量成果又は基本測量成果ではない測量成果\",\"都市計画基礎調査\",\"その他のGISデータ\"],\"type\":\"uro:DataQualityAttribute\"}","buildingDetailAttribute":"[{\"basementFirstUsage\":\"不明\",\"basementSecondUsage\":\"不明\",\"buildingRoofEdgeArea\":43.3600396822,\"buildingStructureOrgType\":\"木造\",\"buildingStructureType\":\"木造・土蔵造\",\"detailedUsage\":\"一戸建住宅\",\"groundFloorUsage\":\"不明\",\"secondFloorUsage\":\"不明\",\"specifiedBuildingCoverageRate\":80.0,\"surveyYear\":\"2017\",\"thirdFloorUsage\":\"不明\",\"type\":\"uro:BuildingDetailAttribute\"}]","buildingDisasterRiskAttribute":"[{\"adminType\":\"国\",\"depth\":0.374,\"description\":\"大和川水系大和川\",\"duration\":0.0,\"rank\":\"0.5m未満\",\"scale\":\"L2（想定最大規模）\",\"type\":\"uro:RiverFloodingRiskAttribute\"}]","buildingIDAttribute":"[{\"branchID\":1,\"buildingID\":\"27100-bldg-26694\",\"city\":\"大阪府大阪市住吉区\",\"prefecture\":\"大阪府\",\"type\":\"uro:BuildingIDAttribute\"}]","class":"普通建物","creationDate":"2023-03-22","genericAttribute":"{\"1/2500図郭\":111,\"type\":\"gen:genericAttribute\",\"ユーザーID\":100695,\"区名\":\"住吉区\",\"町丁目名称\":\"山之内５丁目\",\"街区番号\":5,\"計測周辺長\":26.8040070032}","id":"bldg_aed8484d-d7b6-4a3b-b1c3-4c7531ab01ad","keyValuePairAttribute":"[{\"codeValue\":\"住吉区\",\"key\":\"区番号\",\"type\":\"uro:KeyValuePairAttribute\"},{\"codeValue\":\"山之内５丁目\",\"key\":\"住所コード\",\"type\":\"uro:KeyValuePairAttribute\"},{\"codeValue\":\"不明\",\"key\":\"地下２階用途\",\"type\":\"uro:KeyValuePairAttribute\"},{\"codeValue\":\"不明\",\"key\":\"地下１階用途\",\"type\":\"uro:KeyValuePairAttribute\"},{\"codeValue\":\"一戸建住宅\",\"key\":\"地上１階用途\",\"type\":\"uro:KeyValuePairAttribute\"},{\"codeValue\":\"一戸建住宅\",\"key\":\"地上２階用途\",\"type\":\"uro:KeyValuePairAttribute\"},{\"codeValue\":\"不明\",\"key\":\"地上３階用途\",\"type\":\"uro:KeyValuePairAttribute\"}]","measuredHeight":6.6,"storeysAboveGround":2,"type":"bldg:Building","usage":"[\"住宅\"]"},"id":"bldg_aed8484d-d7b6-4a3b-b1c3-4c7531ab01ad"},{"type":"Feature","geometry":{"type":"MultiPolygon","coordinates":[[[[135.49874125664684,34.59163520572361,45.99390339912598],[135.49873090106684,34.59167319839397,45.993708527463525],[135.49885073680102,34.59169552543505,45.99405183751263],[135.4988610814825,34.59165752369444,45.99424673405545],[135.49874125664684,34.59163520572361,45.99390339912598]]],[[[135.49874125664684,34.59163520572361,45.99390339912598],[135.4988610814825,34.59165752369444,45.99424673405545],[135.4988610814825,34.59165752369444,53.833546734055446],[135.49874125664684,34.59163520572361,53.83320339912598],[135.49874125664684,34.59163520572361,45.99390339912598]]],[[[135.4988610814825,34.59165752369444,45.99424673405545],[135.49885073680102,34.59169552543505,45.99405183751263],[135.49885073680102,34.59169552543505,53.83335183751262],[135.4988610814825,34.59165752369444,53.833546734055446],[135.4988610814825,34.59165752369444,45.99424673405545]]],[[[135.49885073680102,34.59169552543505,45.99405183751263],[135.49873090106684,34.59167319839397,45.993708527463525],[135.49873090106684,34.59167319839397,53.83300852746352],[135.49885073680102,34.59169552543505,53.83335183751262],[135.49885073680102,34.59169552543505,45.99405183751263]]],[[[135.49873090106684,34.59167319839397,45.993708527463525],[135.49874125664684,34.59163520572361,45.99390339912598],[135.49874125664684,34.59163520572361,53.83320339912598],[135.49873090106684,34.59167319839397,53.83300852746352],[135.49873090106684,34.59167319839397,45.993708527463525]]],[[[135.49874125664684,34.59163520572361,53.83320339912598],[135.4988610814825,34.59165752369444,53.833546734055446],[135.49885073680102,34.59169552543505,53.83335183751262],[135.49873090106684,34.59167319839397,53.83300852746352],[135.49874125664684,34.59163520572361,53.83320339912598]]]]},"properties":{"buildingDataQualityAttribute":"{\"appearanceSrcDescLod2\":[\"未作成\"],\"appearanceSrcDescLod3\":[\"未作成\"],\"geometrySrcDescLod0\":[\"公共測量成果又は基本測量成果\"],\"geometrySrcDescLod1\":[\"公共測量成果又は基本測量成果\"],\"geometrySrcDescLod2\":[\"未作成\"],\"geometrySrcDescLod3\":[\"未作成\"],\"lod1HeightType\":\"点群から取得_中央値\",\"publicSurveyDataQualityAttribute\":{\"publicSurveySrcDescLod0\":[\"数値地形図データ\"],\"publicSurveySrcDescLod1\":[\"数値地形図データ\"],\"srcScaleLod0\":\"地図情報レベル2500\",\"srcScaleLod1\":\"地図情報レベル2500\",\"type\":\"uro:PublicSurveyDataQualityAttribute\"},\"thematicSrcDesc\":[\"公共測量成果又は基本測量成果\",\"公共測量成果又は基本測量成果ではない測量成果\",\"都市計画基礎調査\",\"その他のGISデータ\"],\"type\":\"uro:DataQualityAttribute\"}","buildingDetailAttribute":"[{\"basementFirstUsage\":\"不明\",\"basementSecondUsage\":\"不明\",\"buildingRoofEdgeArea\":31.9904382953,\"buildingStructureOrgType\":\"木造\",\"buildingStructureType\":\"木造・土蔵造\",\"detailedUsage\":\"一戸建住宅\",\"groundFloorUsage\":\"不明\",\"secondFloorUsage\":\"不明\",\"specifiedBuildingCoverageRate\":80.0,\"surveyYear\":\"2017\",\"thirdFloorUsage\":\"不明\",\"type\":\"uro:BuildingDetailAttribute\"}]","buildingDisasterRiskAttribute":"[{\"adminType\":\"国\",\"depth\":1.171,\"description\":\"大和川水系大和川\",\"duration\":0.0,\"rank\":\"0.5m以上3m未満\",\"scale\":\"L2（想定最大規模）\",\"type\":\"uro:RiverFloodingRiskAttribute\"}]","buildingIDAttribute":"[{\"branchID\":1,\"buildingID\":\"27100-bldg-26691\",\"city\":\"大阪府大阪市住吉区\",\"prefecture\":\"大阪府\",\"type\":\"uro:BuildingIDAttribute\"}]","class":"普通建物","creationDate":"2023-03-22","genericAttribute":"{\"1/2500図郭\":111,\"type\":\"gen:genericAttribute\",\"ユーザーID\":100694,\"区名\":\"住吉区\",\"町丁目名称\":\"山之内５丁目\",\"街区番号\":6,\"計測周辺長\":23.9927915611}","id":"bldg_19ab980c-3a87-4764-b282-cf279e178785","keyValuePairAttribute":"[{\"codeValue\":\"住吉区\",\"key\":\"区番号\",\"type\":\"uro:KeyValuePairAttribute\"},{\"codeValue\":\"山之内５丁目\",\"key\":\"住所コード\",\"type\":\"uro:KeyValuePairAttribute\"},{\"codeValue\":\"不明\",\"key\":\"地下２階用途\",\"type\":\"uro:KeyValuePairAttribute\"},{\"codeValue\":\"不明\",\"key\":\"地下１階用途\",\"type\":\"uro:KeyValuePairAttribute\"},{\"codeValue\":\"一戸建住宅\",\"key\":\"地上１階用途\",\"type\":\"uro:KeyValuePairAttribute\"},{\"codeValue\":\"一戸建住宅\",\"key\":\"地上２階用途\",\"type\":\"uro:KeyValuePairAttribute\"},{\"codeValue\":\"不明\",\"key\":\"地上３階用途\",\"type\":\"uro:KeyValuePairAttribute\"}]","measuredHeight":7.8,"storeysAboveGround":2,"type":"bldg:Building","usage":"[\"住宅\"]"},"id":"bldg_19ab980c-3a87-4764-b282-cf279e178785"},{"type":"Feature","geometry":{"type":"MultiPolygon","coordinates":[[[[135.4994781585386,34.59031536403894,46.704350684906714],[135.4995137960172,34.59024604792148,46.704767737602594],[135.4993669087142,34.59019590678941,46.70444004031427],[135.49933648501514,34.59027015754955,46.70402160430112],[135.4994781585386,34.59031536403894,46.704350684906714]]],[[[135.4994781585386,34.59031536403894,46.704350684906714],[135.49933648501514,34.59027015754955,46.70402160430112],[135.49933648501514,34.59027015754955,53.83102160430112],[135.4994781585386,34.59031536403894,53.83135068490671],[135.4994781585386,34.59031536403894,46.704350684906714]]],[[[135.49933648501514,34.59027015754955,46.70402160430112],[135.4993669087142,34.59019590678941,46.70444004031427],[135.4993669087142,34.59019590678941,53.83144004031427],[135.49933648501514,34.59027015754955,53.83102160430112],[135.49933648501514,34.59027015754955,46.70402160430112]]],[[[135.4993669087142,34.59019590678941,46.70444004031427],[135.4995137960172,34.59024604792148,46.704767737602594],[135.4995137960172,34.59024604792148,53.8317677376026],[135.4993669087142,34.59019590678941,53.83144004031427],[135.4993669087142,34.59019590678941,46.70444004031427]]],[[[135.4995137960172,34.59024604792148,46.704767737602594],[135.4994781585386,34.59031536403894,46.704350684906714],[135.4994781585386,34.59031536403894,53.83135068490671],[135.4995137960172,34.59024604792148,53.8317677376026],[135.4995137960172,34.59024604792148,46.704767737602594]]],[[[135.4994781585386,34.59031536403894,53.83135068490671],[135.49933648501514,34.59027015754955,53.83102160430112],[135.4993669087142,34.59019590678941,53.83144004031427],[135.4995137960172,34.59024604792148,53.8317677376026],[135.4994781585386,34.59031536403894,53.83135068490671]]]]},"properties":{"buildingDataQualityAttribute":"{\"appearanceSrcDescLod2\":[\"未作成\"],\"appearanceSrcDescLod3\":[\"未作成\"],\"geometrySrcDescLod0\":[\"公共測量成果又は基本測量成果\"],\"geometrySrcDescLod1\":[\"公共測量成果又は基本測量成果\"],\"geometrySrcDescLod2\":[\"未作成\"],\"geometrySrcDescLod3\":[\"未作成\"],\"lod1HeightType\":\"点群から取得_中央値\",\"publicSurveyDataQualityAttribute\":{\"publicSurveySrcDescLod0\":[\"数値地形図データ\"],\"publicSurveySrcDescLod1\":[\"数値地形図データ\"],\"srcScaleLod0\":\"地図情報レベル2500\",\"srcScaleLod1\":\"地図情報レベル2500\",\"type\":\"uro:PublicSurveyDataQualityAttribute\"},\"thematicSrcDesc\":[\"公共測量成果又は基本測量成果\",\"公共測量成果又は基本測量成果ではない測量成果\",\"都市計画基礎調査\",\"その他のGISデータ\"],\"type\":\"uro:DataQualityAttribute\"}","buildingDetailAttribute":"[{\"basementFirstUsage\":\"不明\",\"basementSecondUsage\":\"不明\",\"buildingRoofEdgeArea\":37.1155627925,\"buildingStructureOrgType\":\"木造\",\"buildingStructureType\":\"木造・土蔵造\",\"detailedUsage\":\"長屋建住宅\",\"groundFloorUsage\":\"不明\",\"secondFloorUsage\":\"不明\",\"specifiedBuildingCoverageRate\":80.0,\"surveyYear\":\"2017\",\"thirdFloorUsage\":\"不明\",\"type\":\"uro:BuildingDetailAttribute\"}]","buildingDisasterRiskAttribute":"[{\"adminType\":\"国\",\"depth\":0.173,\"description\":\"大和川水系大和川\",\"rank\":\"0.5m未満\",\"scale\":\"L1（計画規模）\",\"type\":\"uro:RiverFloodingRiskAttribute\"},{\"adminType\":\"国\",\"depth\":0.847,\"description\":\"大和川水系大和川\",\"duration\":4.8667,\"rank\":\"0.5m以上3m未満\",\"scale\":\"L2（想定最大規模）\",\"type\":\"uro:RiverFloodingRiskAttribute\"}]","buildingIDAttribute":"[{\"branchID\":1,\"buildingID\":\"27100-bldg-27008\",\"city\":\"大阪府大阪市住吉区\",\"prefecture\":\"大阪府\",\"type\":\"uro:BuildingIDAttribute\"}]","class":"普通建物","creationDate":"2023-03-22","genericAttribute":"{\"1/2500図郭\":111,\"type\":\"gen:genericAttribute\",\"ユーザーID\":100827,\"区名\":\"住吉区\",\"町丁目名称\":\"山之内５丁目\",\"街区番号\":3,\"計測周辺長\":25.6538576201}","id":"bldg_d242c711-73f3-4793-a4af-72fabeccbdd9","keyValuePairAttribute":"[{\"codeValue\":\"住吉区\",\"key\":\"区番号\",\"type\":\"uro:KeyValuePairAttribute\"},{\"codeValue\":\"山之内５丁目\",\"key\":\"住所コード\",\"type\":\"uro:KeyValuePairAttribute\"},{\"codeValue\":\"不明\",\"key\":\"地下２階用途\",\"type\":\"uro:KeyValuePairAttribute\"},{\"codeValue\":\"不明\",\"key\":\"地下１階用途\",\"type\":\"uro:KeyValuePairAttribute\"},{\"codeValue\":\"長屋建住宅\",\"key\":\"地上１階用途\",\"type\":\"uro:KeyValuePairAttribute\"},{\"codeValue\":\"長屋建住宅\",\"key\":\"地上２階用途\",\"type\":\"uro:KeyValuePairAttribute\"},{\"codeValue\":\"不明\",\"key\":\"地上３階用途\",\"type\":\"uro:KeyValuePairAttribute\"}]","measuredHeight":7.1,"storeysAboveGround":2,"type":"bldg:Building","usage":"[\"住宅\"]"},"id":"bldg_d242c711-73f3-4793-a4af-72fabeccbdd9"},{"type":"Feature","geometry":{"type":"MultiPolygon","coordinates":[[[[135.4991553872859,34.59143573507685,47.008035213444906],[135.4991276620101,34.59153434334178,47.00752607128637],[135.49916805495715,34.59154286623057,47.00763768174247],[135.49919588924877,34.591446066856705,47.008139753227745],[135.4991553872859,34.59143573507685,47.008035213444906]]],[[[135.4991553872859,34.59143573507685,47.008035213444906],[135.49919588924877,34.591446066856705,47.008139753227745],[135.49919588924877,34.591446066856705,53.405639753227746],[135.4991553872859,34.59143573507685,53.40553521344491],[135.4991553872859,34.59143573507685,47.008035213444906]]],[[[135.49919588924877,34.591446066856705,47.008139753227745],[135.49916805495715,34.59154286623057,47.00763768174247],[135.49916805495715,34.59154286623057,53.405137681742474],[135.49919588924877,34.591446066856705,53.405639753227746],[135.49919588924877,34.591446066856705,47.008139753227745]]],[[[135.49916805495715,34.59154286623057,47.00763768174247],[135.4991276620101,34.59153434334178,47.00752607128637],[135.4991276620101,34.59153434334178,53.40502607128637],[135.49916805495715,34.59154286623057,53.405137681742474],[135.49916805495715,34.59154286623057,47.00763768174247]]],[[[135.4991276620101,34.59153434334178,47.00752607128637],[135.4991553872859,34.59143573507685,47.008035213444906],[135.4991553872859,34.59143573507685,53.40553521344491],[135.4991276620101,34.59153434334178,53.40502607128637],[135.4991276620101,34.59153434334178,47.00752607128637]]],[[[135.4991553872859,34.59143573507685,53.40553521344491],[135.49919588924877,34.591446066856705,53.405639753227746],[135.49916805495715,34.59154286623057,53.405137681742474],[135.4991276620101,34.59153434334178,53.40502607128637],[135.4991553872859,34.59143573507685,53.40553521344491]]]]},"properties":{"buildingDataQualityAttribute":"{\"appearanceSrcDescLod2\":[\"未作成\"],\"appearanceSrcDescLod3\":[\"未作成\"],\"geometrySrcDescLod0\":[\"公共測量成果又は基本測量成果\"],\"geometrySrcDescLod1\":[\"公共測量成果又は基本測量成果\"],\"geometrySrcDescLod2\":[\"未作成\"],\"geometrySrcDescLod3\":[\"未作成\"],\"lod1HeightType\":\"点群から取得_中央値\",\"publicSurveyDataQualityAttribute\":{\"publicSurveySrcDescLod0\":[\"数値地形図データ\"],\"publicSurveySrcDescLod1\":[\"数値地形図データ\"],\"srcScaleLod0\":\"地図情報レベル2500\",\"srcScaleLod1\":\"地図情報レベル2500\",\"type\":\"uro:PublicSurveyDataQualityAttribute\"},\"thematicSrcDesc\":[\"公共測量成果又は基本測量成果\",\"公共測量成果又は基本測量成果ではない測量成果\",\"都市計画基礎調査\",\"その他のGISデータ\"],\"type\":\"uro:DataQualityAttribute\"}","buildingDetailAttribute":"[{\"basementFirstUsage\":\"不明\",\"basementSecondUsage\":\"不明\",\"buildingRoofEdgeArea\":42.7806647538,\"buildingStructureOrgType\":\"木造\",\"buildingStructureType\":\"木造・土蔵造\",\"detailedUsage\":\"一戸建住宅\",\"groundFloorUsage\":\"不明\",\"secondFloorUsage\":\"不明\",\"specifiedBuildingCoverageRate\":80.0,\"surveyYear\":\"2017\",\"thirdFloorUsage\":\"不明\",\"type\":\"uro:BuildingDetailAttribute\"}]","buildingDisasterRiskAttribute":"[{\"adminType\":\"国\",\"depth\":0.374,\"description\":\"大和川水系大和川\",\"duration\":0.0,\"rank\":\"0.5m未満\",\"scale\":\"L2（想定最大規模）\",\"type\":\"uro:RiverFloodingRiskAttribute\"}]","buildingIDAttribute":"[{\"branchID\":1,\"buildingID\":\"27100-bldg-26742\",\"city\":\"大阪府大阪市住吉区\",\"prefecture\":\"大阪府\",\"type\":\"uro:BuildingIDAttribute\"}]","class":"普通建物","creationDate":"2023-03-22","genericAttribute":"{\"1/2500図郭\":111,\"type\":\"gen:genericAttribute\",\"ユーザーID\":100709,\"区名\":\"住吉区\",\"町丁目名称\":\"山之内５丁目\",\"街区番号\":5,\"計測周辺長\":29.9614041645}","id":"bldg_b84cfed1-c084-4467-8be6-61bc362b91ac","keyValuePairAttribute":"[{\"codeValue\":\"住吉区\",\"key\":\"区番号\",\"type\":\"uro:KeyValuePairAttribute\"},{\"codeValue\":\"山之内５丁目\",\"key\":\"住所コード\",\"type\":\"uro:KeyValuePairAttribute\"},{\"codeValue\":\"不明\",\"key\":\"地下２階用途\",\"type\":\"uro:KeyValuePairAttribute\"},{\"codeValue\":\"不明\",\"key\":\"地下１階用途\",\"type\":\"uro:KeyValuePairAttribute\"},{\"codeValue\":\"一戸建住宅\",\"key\":\"地上１階用途\",\"type\":\"uro:KeyValuePairAttribute\"},{\"codeValue\":\"一戸建住宅\",\"key\":\"地上２階用途\",\"type\":\"uro:KeyValuePairAttribute\"},{\"codeValue\":\"不明\",\"key\":\"地上３階用途\",\"type\":\"uro:KeyValuePairAttribute\"}]","measuredHeight":6.4,"storeysAboveGround":2,"type":"bldg:Building","usage":"[\"住宅\"]"},"id":"bldg_b84cfed1-c084-4467-8be6-61bc362b91ac"},{"type":"Feature","geometry":{"type":"MultiPolygon","coordinates":[[[[135.49900452485076,34.59154444879172,47.06683640846818],[135.49906004639016,34.59155157335847,47.067008830462385],[135.49907287319508,34.591508668493105,47.06723311329259],[135.49901846239274,34.591492668501566,47.06710145993948],[135.49900748012027,34.59150614624423,47.06700572122374],[135.49897752915422,34.59150151567186,47.06691595831985],[135.49896646569334,34.59152851590565,47.06676395133681],[135.49900184016195,34.59153767635594,47.06685468122873],[135.49900452485076,34.59154444879172,47.06683640846818]]],[[[135.49900452485076,34.59154444879172,47.06683640846818],[135.49900184016195,34.59153767635594,47.06685468122873],[135.49900184016195,34.59153767635594,55.46455468123873],[135.49900452485076,34.59154444879172,55.464536408478175],[135.49900452485076,34.59154444879172,47.06683640846818]]],[[[135.49900184016195,34.59153767635594,47.06685468122873],[135.49896646569334,34.59152851590565,47.06676395133681],[135.49896646569334,34.59152851590565,55.46446395134681],[135.49900184016195,34.59153767635594,55.46455468123873],[135.49900184016195,34.59153767635594,47.06685468122873]]],[[[135.49896646569334,34.59152851590565,47.06676395133681],[135.49897752915422,34.59150151567186,47.06691595831985],[135.49897752915422,34.59150151567186,55.46461595832985],[135.49896646569334,34.59152851590565,55.46446395134681],[135.49896646569334,34.59152851590565,47.06676395133681]]],[[[135.49897752915422,34.59150151567186,47.06691595831985],[135.49900748012027,34.59150614624423,47.06700572122374],[135.49900748012027,34.59150614624423,55.464705721233734],[135.49897752915422,34.59150151567186,55.46461595832985],[135.49897752915422,34.59150151567186,47.06691595831985]]],[[[135.49900748012027,34.59150614624423,47.06700572122374],[135.49901846239274,34.591492668501566,47.06710145993948],[135.49901846239274,34.591492668501566,55.46480145994948],[135.49900748012027,34.59150614624423,55.464705721233734],[135.49900748012027,34.59150614624423,47.06700572122374]]],[[[135.49901846239274,34.591492668501566,47.06710145993948],[135.49907287319508,34.591508668493105,47.06723311329259],[135.49907287319508,34.591508668493105,55.464933113302585],[135.49901846239274,34.591492668501566,55.46480145994948],[135.49901846239274,34.591492668501566,47.06710145993948]]],[[[135.49907287319508,34.591508668493105,47.06723311329259],[135.49906004639016,34.59155157335847,47.067008830462385],[135.49906004639016,34.59155157335847,55.46470883047238],[135.49907287319508,34.591508668493105,55.464933113302585],[135.49907287319508,34.591508668493105,47.06723311329259]]],[[[135.49906004639016,34.59155157335847,47.067008830462385],[135.49900452485076,34.59154444879172,47.06683640846818],[135.49900452485076,34.59154444879172,55.464536408478175],[135.49906004639016,34.59155157335847,55.46470883047238],[135.49906004639016,34.59155157335847,47.067008830462385]]],[[[135.49900452485076,34.59154444879172,55.464536408478175],[135.49900184016195,34.59153767635594,55.46455468123873],[135.49896646569334,34.59152851590565,55.46446395134681],[135.49897752915422,34.59150151567186,55.46461595832985],[135.49900748012027,34.59150614624423,55.464705721233734],[135.49901846239274,34.591492668501566,55.46480145994948],[135.49907287319508,34.591508668493105,55.464933113302585],[135.49906004639016,34.59155157335847,55.46470883047238],[135.49900452485076,34.59154444879172,55.464536408478175]]]]},"properties":{"buildingDataQualityAttribute":"{\"appearanceSrcDescLod2\":[\"未作成\"],\"appearanceSrcDescLod3\":[\"未作成\"],\"geometrySrcDescLod0\":[\"公共測量成果又は基本測量成果\"],\"geometrySrcDescLod1\":[\"公共測量成果又は基本測量成果\"],\"geometrySrcDescLod2\":[\"未作成\"],\"geometrySrcDescLod3\":[\"未作成\"],\"lod1HeightType\":\"点群から取得_中央値\",\"publicSurveyDataQualityAttribute\":{\"publicSurveySrcDescLod0\":[\"数値地形図データ\"],\"publicSurveySrcDescLod1\":[\"数値地形図データ\"],\"srcScaleLod0\":\"地図情報レベル2500\",\"srcScaleLod1\":\"地図情報レベル2500\",\"type\":\"uro:PublicSurveyDataQualityAttribute\"},\"thematicSrcDesc\":[\"公共測量成果又は基本測量成果\",\"公共測量成果又は基本測量成果ではない測量成果\",\"都市計画基礎調査\",\"その他のGISデータ\"],\"type\":\"uro:DataQualityAttribute\"}","buildingDetailAttribute":"[{\"basementFirstUsage\":\"不明\",\"basementSecondUsage\":\"不明\",\"buildingRoofEdgeArea\":40.9303875044,\"buildingStructureOrgType\":\"木造\",\"buildingStructureType\":\"木造・土蔵造\",\"detailedUsage\":\"一戸建住宅\",\"groundFloorUsage\":\"不明\",\"secondFloorUsage\":\"不明\",\"specifiedBuildingCoverageRate\":80.0,\"surveyYear\":\"2017\",\"thirdFloorUsage\":\"不明\",\"type\":\"uro:BuildingDetailAttribute\"}]","buildingDisasterRiskAttribute":"[{\"adminType\":\"国\",\"depth\":0.171,\"description\":\"大和川水系大和川\",\"duration\":0.0,\"rank\":\"0.5m未満\",\"scale\":\"L2（想定最大規模）\",\"type\":\"uro:RiverFloodingRiskAttribute\"}]","buildingIDAttribute":"[{\"branchID\":1,\"buildingID\":\"27100-bldg-26738\",\"city\":\"大阪府大阪市住吉区\",\"prefecture\":\"大阪府\",\"type\":\"uro:BuildingIDAttribute\"}]","class":"普通建物","creationDate":"2023-03-22","genericAttribute":"{\"1/2500図郭\":111,\"type\":\"gen:genericAttribute\",\"ユーザーID\":100708,\"区名\":\"住吉区\",\"町丁目名称\":\"山之内５丁目\",\"街区番号\":5,\"計測周辺長\":27.3057893582}","id":"bldg_d657c60e-3688-4b43-95d9-c5e59bd10bf7","keyValuePairAttribute":"[{\"codeValue\":\"住吉区\",\"key\":\"区番号\",\"type\":\"uro:KeyValuePairAttribute\"},{\"codeValue\":\"山之内５丁目\",\"key\":\"住所コード\",\"type\":\"uro:KeyValuePairAttribute\"},{\"codeValue\":\"不明\",\"key\":\"地下２階用途\",\"type\":\"uro:KeyValuePairAttribute\"},{\"codeValue\":\"不明\",\"key\":\"地下１階用途\",\"type\":\"uro:KeyValuePairAttribute\"},{\"codeValue\":\"一戸建住宅\",\"key\":\"地上１階用途\",\"type\":\"uro:KeyValuePairAttribute\"},{\"codeValue\":\"一戸建住宅\",\"key\":\"地上２階用途\",\"type\":\"uro:KeyValuePairAttribute\"},{\"codeValue\":\"不明\",\"key\":\"地上３階用途\",\"type\":\"uro:KeyValuePairAttribute\"}]","measuredHeight":8.4,"storeysAboveGround":2,"type":"bldg:Building","usage":"[\"住宅\"]"},"id":"bldg_d657c60e-3688-4b43-95d9-c5e59bd10bf7"},{"type":"Feature","geometry":{"type":"MultiPolygon","coordinates":[[[[135.49892947868216,34.59163414952047,47.01569218336018],[135.49903050029872,34.59165038508055,47.01599230404382],[135.49904591249552,34.59159883712385,47.01626175529464],[135.4989425907507,34.59158223783453,47.015954744826374],[135.49892947868216,34.59163414952047,47.01569218336018]]],[[[135.49892947868216,34.59163414952047,47.01569218336018],[135.4989425907507,34.59158223783453,47.015954744826374],[135.4989425907507,34.59158223783453,53.86415474482638],[135.49892947868216,34.59163414952047,53.86389218336018],[135.49892947868216,34.59163414952047,47.01569218336018]]],[[[135.4989425907507,34.59158223783453,47.015954744826374],[135.49904591249552,34.59159883712385,47.01626175529464],[135.49904591249552,34.59159883712385,53.86446175529464],[135.4989425907507,34.59158223783453,53.86415474482638],[135.4989425907507,34.59158223783453,47.015954744826374]]],[[[135.49904591249552,34.59159883712385,47.01626175529464],[135.49903050029872,34.59165038508055,47.01599230404382],[135.49903050029872,34.59165038508055,53.864192304043826],[135.49904591249552,34.59159883712385,53.86446175529464],[135.49904591249552,34.59159883712385,47.01626175529464]]],[[[135.49903050029872,34.59165038508055,47.01599230404382],[135.49892947868216,34.59163414952047,47.01569218336018],[135.49892947868216,34.59163414952047,53.86389218336018],[135.49903050029872,34.59165038508055,53.864192304043826],[135.49903050029872,34.59165038508055,47.01599230404382]]],[[[135.49892947868216,34.59163414952047,53.86389218336018],[135.4989425907507,34.59158223783453,53.86415474482638],[135.49904591249552,34.59159883712385,53.86446175529464],[135.49903050029872,34.59165038508055,53.864192304043826],[135.49892947868216,34.59163414952047,53.86389218336018]]]]},"properties":{"buildingDataQualityAttribute":"{\"appearanceSrcDescLod2\":[\"未作成\"],\"appearanceSrcDescLod3\":[\"未作成\"],\"geometrySrcDescLod0\":[\"公共測量成果又は基本測量成果\"],\"geometrySrcDescLod1\":[\"公共測量成果又は基本測量成果\"],\"geometrySrcDescLod2\":[\"未作成\"],\"geometrySrcDescLod3\":[\"未作成\"],\"lod1HeightType\":\"点群から取得_中央値\",\"publicSurveyDataQualityAttribute\":{\"publicSurveySrcDescLod0\":[\"数値地形図データ\"],\"publicSurveySrcDescLod1\":[\"数値地形図データ\"],\"srcScaleLod0\":\"地図情報レベル2500\",\"srcScaleLod1\":\"地図情報レベル2500\",\"type\":\"uro:PublicSurveyDataQualityAttribute\"},\"thematicSrcDesc\":[\"公共測量成果又は基本測量成果\",\"公共測量成果又は基本測量成果ではない測量成果\",\"都市計画基礎調査\",\"その他のGISデータ\"],\"type\":\"uro:DataQualityAttribute\"}","buildingDetailAttribute":"[{\"basementFirstUsage\":\"不明\",\"basementSecondUsage\":\"不明\",\"buildingRoofEdgeArea\":56.3045950277,\"buildingStructureOrgType\":\"木造\",\"buildingStructureType\":\"木造・土蔵造\",\"detailedUsage\":\"一戸建住宅\",\"groundFloorUsage\":\"不明\",\"secondFloorUsage\":\"不明\",\"specifiedBuildingCoverageRate\":80.0,\"surveyYear\":\"2017\",\"thirdFloorUsage\":\"不明\",\"type\":\"uro:BuildingDetailAttribute\"}]","buildingDisasterRiskAttribute":"[{\"adminType\":\"国\",\"depth\":0.471,\"description\":\"大和川水系大和川\",\"duration\":0.0,\"rank\":\"0.5m未満\",\"scale\":\"L2（想定最大規模）\",\"type\":\"uro:RiverFloodingRiskAttribute\"}]","buildingIDAttribute":"[{\"branchID\":1,\"buildingID\":\"27100-bldg-26707\",\"city\":\"大阪府大阪市住吉区\",\"prefecture\":\"大阪府\",\"type\":\"uro:BuildingIDAttribute\"}]","class":"普通建物","creationDate":"2023-03-22","genericAttribute":"{\"1/2500図郭\":111,\"type\":\"gen:genericAttribute\",\"ユーザーID\":100699,\"区名\":\"住吉区\",\"町丁目名称\":\"山之内５丁目\",\"街区番号\":5,\"計測周辺長\":30.8955121232}","id":"bldg_08c720f6-d0a3-4a10-a3fe-5122086c4a58","keyValuePairAttribute":"[{\"codeValue\":\"住吉区\",\"key\":\"区番号\",\"type\":\"uro:KeyValuePairAttribute\"},{\"codeValue\":\"山之内５丁目\",\"key\":\"住所コード\",\"type\":\"uro:KeyValuePairAttribute\"},{\"codeValue\":\"不明\",\"key\":\"地下２階用途\",\"type\":\"uro:KeyValuePairAttribute\"},{\"codeValue\":\"不明\",\"key\":\"地下１階用途\",\"type\":\"uro:KeyValuePairAttribute\"},{\"codeValue\":\"一戸建住宅\",\"key\":\"地上１階用途\",\"type\":\"uro:KeyValuePairAttribute\"},{\"codeValue\":\"一戸建住宅\",\"key\":\"地上２階用途\",\"type\":\"uro:KeyValuePairAttribute\"},{\"codeValue\":\"不明\",\"key\":\"地上３階用途\",\"type\":\"uro:KeyValuePairAttribute\"}]","measuredHeight":6.9,"storeysAboveGround":2,"type":"bldg:Building","usage":"[\"住宅\"]"},"id":"bldg_08c720f6-d0a3-4a10-a3fe-5122086c4a58"},{"type":"Feature","geometry":{"type":"MultiPolygon","coordinates":[[[[135.49954986498776,34.59056654269304,46.7136713330152],[135.49959447963386,34.59048687152399,46.71416397320104],[135.49943123947637,34.59043209449963,46.713796141362906],[135.49939159035367,34.590515196436485,46.71330744657095],[135.49954986498776,34.59056654269304,46.7136713330152]]],[[[135.49954986498776,34.59056654269304,46.7136713330152],[135.49939159035367,34.590515196436485,46.71330744657095],[135.49939159035367,34.590515196436485,53.62020744657096],[135.49954986498776,34.59056654269304,53.62057133301519],[135.49954986498776,34.59056654269304,46.7136713330152]]],[[[135.49939159035367,34.590515196436485,46.71330744657095],[135.49943123947637,34.59043209449963,46.713796141362906],[135.49943123947637,34.59043209449963,53.6206961413629],[135.49939159035367,34.590515196436485,53.62020744657096],[135.49939159035367,34.590515196436485,46.71330744657095]]],[[[135.49943123947637,34.59043209449963,46.713796141362906],[135.49959447963386,34.59048687152399,46.71416397320104],[135.49959447963386,34.59048687152399,53.621063973201046],[135.49943123947637,34.59043209449963,53.6206961413629],[135.49943123947637,34.59043209449963,46.713796141362906]]],[[[135.49959447963386,34.59048687152399,46.71416397320104],[135.49954986498776,34.59056654269304,46.7136713330152],[135.49954986498776,34.59056654269304,53.62057133301519],[135.49959447963386,34.59048687152399,53.621063973201046],[135.49959447963386,34.59048687152399,46.71416397320104]]],[[[135.49954986498776,34.59056654269304,53.62057133301519],[135.49939159035367,34.590515196436485,53.62020744657096],[135.49943123947637,34.59043209449963,53.6206961413629],[135.49959447963386,34.59048687152399,53.621063973201046],[135.49954986498776,34.59056654269304,53.62057133301519]]]]},"properties":{"buildingDataQualityAttribute":"{\"appearanceSrcDescLod2\":[\"未作成\"],\"appearanceSrcDescLod3\":[\"未作成\"],\"geometrySrcDescLod0\":[\"公共測量成果又は基本測量成果\"],\"geometrySrcDescLod1\":[\"公共測量成果又は基本測量成果\"],\"geometrySrcDescLod2\":[\"未作成\"],\"geometrySrcDescLod3\":[\"未作成\"],\"lod1HeightType\":\"点群から取得_中央値\",\"publicSurveyDataQualityAttribute\":{\"publicSurveySrcDescLod0\":[\"数値地形図データ\"],\"publicSurveySrcDescLod1\":[\"数値地形図データ\"],\"srcScaleLod0\":\"地図情報レベル2500\",\"srcScaleLod1\":\"地図情報レベル2500\",\"type\":\"uro:PublicSurveyDataQualityAttribute\"},\"thematicSrcDesc\":[\"公共測量成果又は基本測量成果\",\"公共測量成果又は基本測量成果ではない測量成果\",\"都市計画基礎調査\",\"その他のGISデータ\"],\"type\":\"uro:DataQualityAttribute\"}","buildingDetailAttribute":"[{\"basementFirstUsage\":\"不明\",\"basementSecondUsage\":\"不明\",\"buildingRoofEdgeArea\":43.5967835491,\"buildingStructureOrgType\":\"木造\",\"buildingStructureType\":\"木造・土蔵造\",\"detailedUsage\":\"長屋建住宅\",\"groundFloorUsage\":\"不明\",\"secondFloorUsage\":\"不明\",\"specifiedBuildingCoverageRate\":80.0,\"surveyYear\":\"2017\",\"thirdFloorUsage\":\"不明\",\"type\":\"uro:BuildingDetailAttribute\"}]","buildingDisasterRiskAttribute":"[{\"adminType\":\"国\",\"depth\":0.235,\"description\":\"大和川水系大和川\",\"rank\":\"0.5m未満\",\"scale\":\"L1（計画規模）\",\"type\":\"uro:RiverFloodingRiskAttribute\"},{\"adminType\":\"国\",\"depth\":0.642,\"description\":\"大和川水系大和川\",\"duration\":4.0,\"rank\":\"0.5m以上3m未満\",\"scale\":\"L2（想定最大規模）\",\"type\":\"uro:RiverFloodingRiskAttribute\"}]","buildingIDAttribute":"[{\"branchID\":1,\"buildingID\":\"27100-bldg-26945\",\"city\":\"大阪府大阪市住吉区\",\"prefecture\":\"大阪府\",\"type\":\"uro:BuildingIDAttribute\"}]","class":"普通建物","creationDate":"2023-03-22","genericAttribute":"{\"1/2500図郭\":111,\"type\":\"gen:genericAttribute\",\"ユーザーID\":100766,\"区名\":\"住吉区\",\"町丁目名称\":\"山之内５丁目\",\"街区番号\":3,\"計測周辺長\":28.5946474715}","id":"bldg_e025e911-2f1e-4e18-a34b-5e965c7d2f63","keyValuePairAttribute":"[{\"codeValue\":\"住吉区\",\"key\":\"区番号\",\"type\":\"uro:KeyValuePairAttribute\"},{\"codeValue\":\"山之内５丁目\",\"key\":\"住所コード\",\"type\":\"uro:KeyValuePairAttribute\"},{\"codeValue\":\"不明\",\"key\":\"地下２階用途\",\"type\":\"uro:KeyValuePairAttribute\"},{\"codeValue\":\"不明\",\"key\":\"地下１階用途\",\"type\":\"uro:KeyValuePairAttribute\"},{\"codeValue\":\"長屋建住宅\",\"key\":\"地上１階用途\",\"type\":\"uro:KeyValuePairAttribute\"},{\"codeValue\":\"長屋建住宅\",\"key\":\"地上２階用途\",\"type\":\"uro:KeyValuePairAttribute\"},{\"codeValue\":\"不明\",\"key\":\"地上３階用途\",\"type\":\"uro:KeyValuePairAttribute\"}]","measuredHeight":6.9,"storeysAboveGround":2,"type":"bldg:Building","usage":"[\"住宅\"]"},"id":"bldg_e025e911-2f1e-4e18-a34b-5e965c7d2f63"},{"type":"Feature","geometry":{"type":"MultiPolygon","coordinates":[[[[135.49992618404318,34.59100731589425,47.00711496978882],[135.49988205319613,34.5910950334414,47.006590716067876],[135.5000098839793,34.5911383795405,47.006875063088906],[135.5000154155158,34.591124879373915,47.00695050319537],[135.50002901482856,34.59112944270048,47.00697944397679],[135.50006488875817,34.59105521410457,47.00741347878692],[135.49992618404318,34.59100731589425,47.00711496978882]]],[[[135.49992618404318,34.59100731589425,47.00711496978882],[135.50006488875817,34.59105521410457,47.00741347878692],[135.50006488875817,34.59105521410457,56.08041347877692],[135.49992618404318,34.59100731589425,56.08011496977882],[135.49992618404318,34.59100731589425,47.00711496978882]]],[[[135.50006488875817,34.59105521410457,47.00741347878692],[135.50002901482856,34.59112944270048,47.00697944397679],[135.50002901482856,34.59112944270048,56.079979443966785],[135.50006488875817,34.59105521410457,56.08041347877692],[135.50006488875817,34.59105521410457,47.00741347878692]]],[[[135.50002901482856,34.59112944270048,47.00697944397679],[135.5000154155158,34.591124879373915,47.00695050319537],[135.5000154155158,34.591124879373915,56.079950503185366],[135.50002901482856,34.59112944270048,56.079979443966785],[135.50002901482856,34.59112944270048,47.00697944397679]]],[[[135.5000154155158,34.591124879373915,47.00695050319537],[135.5000098839793,34.5911383795405,47.006875063088906],[135.5000098839793,34.5911383795405,56.0798750630789],[135.5000154155158,34.591124879373915,56.079950503185366],[135.5000154155158,34.591124879373915,47.00695050319537]]],[[[135.5000098839793,34.5911383795405,47.006875063088906],[135.49988205319613,34.5910950334414,47.006590716067876],[135.49988205319613,34.5910950334414,56.07959071605787],[135.5000098839793,34.5911383795405,56.0798750630789],[135.5000098839793,34.5911383795405,47.006875063088906]]],[[[135.49988205319613,34.5910950334414,47.006590716067876],[135.49992618404318,34.59100731589425,47.00711496978882],[135.49992618404318,34.59100731589425,56.08011496977882],[135.49988205319613,34.5910950334414,56.07959071605787],[135.49988205319613,34.5910950334414,47.006590716067876]]],[[[135.49992618404318,34.59100731589425,56.08011496977882],[135.50006488875817,34.59105521410457,56.08041347877692],[135.50002901482856,34.59112944270048,56.079979443966785],[135.5000154155158,34.591124879373915,56.079950503185366],[135.5000098839793,34.5911383795405,56.0798750630789],[135.49988205319613,34.5910950334414,56.07959071605787],[135.49992618404318,34.59100731589425,56.08011496977882]]]]},"properties":{"buildingDataQualityAttribute":"{\"appearanceSrcDescLod2\":[\"未作成\"],\"appearanceSrcDescLod3\":[\"未作成\"],\"geometrySrcDescLod0\":[\"公共測量成果又は基本測量成果\"],\"geometrySrcDescLod1\":[\"公共測量成果又は基本測量成果\"],\"geometrySrcDescLod2\":[\"未作成\"],\"geometrySrcDescLod3\":[\"未作成\"],\"lod1HeightType\":\"点群から取得_中央値\",\"publicSurveyDataQualityAttribute\":{\"publicSurveySrcDescLod0\":[\"数値地形図データ\"],\"publicSurveySrcDescLod1\":[\"数値地形図データ\"],\"srcScaleLod0\":\"地図情報レベル2500\",\"srcScaleLod1\":\"地図情報レベル2500\",\"type\":\"uro:PublicSurveyDataQualityAttribute\"},\"thematicSrcDesc\":[\"公共測量成果又は基本測量成果\",\"公共測量成果又は基本測量成果ではない測量成果\",\"都市計画基礎調査\",\"その他のGISデータ\"],\"type\":\"uro:DataQualityAttribute\"}","buildingDetailAttribute":"[{\"basementFirstUsage\":\"不明\",\"basementSecondUsage\":\"不明\",\"buildingRoofEdgeArea\":143.405937495,\"buildingStructureOrgType\":\"非木造\",\"buildingStructureType\":\"非木造\",\"detailedUsage\":\"一戸建住宅\",\"groundFloorUsage\":\"不明\",\"secondFloorUsage\":\"不明\",\"specifiedBuildingCoverageRate\":80.0,\"surveyYear\":\"2017\",\"thirdFloorUsage\":\"不明\",\"type\":\"uro:BuildingDetailAttribute\"}]","buildingDisasterRiskAttribute":"[{\"adminType\":\"国\",\"depth\":0.105,\"description\":\"大和川水系大和川\",\"rank\":\"0.5m未満\",\"scale\":\"L1（計画規模）\",\"type\":\"uro:RiverFloodingRiskAttribute\"},{\"adminType\":\"国\",\"depth\":0.397,\"description\":\"大和川水系大和川\",\"duration\":0.0,\"rank\":\"0.5m未満\",\"scale\":\"L2（想定最大規模）\",\"type\":\"uro:RiverFloodingRiskAttribute\"}]","buildingIDAttribute":"[{\"branchID\":1,\"buildingID\":\"27100-bldg-26831\",\"city\":\"大阪府大阪市住吉区\",\"prefecture\":\"大阪府\",\"type\":\"uro:BuildingIDAttribute\"}]","class":"普通建物","creationDate":"2023-03-22","genericAttribute":"{\"1/2500図郭\":111,\"type\":\"gen:genericAttribute\",\"ユーザーID\":100723,\"区名\":\"住吉区\",\"町丁目名称\":\"山之内５丁目\",\"街区番号\":3,\"計測周辺長\":48.7954993282}","id":"bldg_9fb786ce-3c2c-43d2-87ca-5a23ab6ccbb3","keyValuePairAttribute":"[{\"codeValue\":\"住吉区\",\"key\":\"区番号\",\"type\":\"uro:KeyValuePairAttribute\"},{\"codeValue\":\"山之内５丁目\",\"key\":\"住所コード\",\"type\":\"uro:KeyValuePairAttribute\"},{\"codeValue\":\"不明\",\"key\":\"地下２階用途\",\"type\":\"uro:KeyValuePairAttribute\"},{\"codeValue\":\"車庫\",\"key\":\"地下１階用途\",\"type\":\"uro:KeyValuePairAttribute\"},{\"codeValue\":\"一戸建住宅\",\"key\":\"地上１階用途\",\"type\":\"uro:KeyValuePairAttribute\"},{\"codeValue\":\"一戸建住宅\",\"key\":\"地上２階用途\",\"type\":\"uro:KeyValuePairAttribute\"},{\"codeValue\":\"不明\",\"key\":\"地上３階用途\",\"type\":\"uro:KeyValuePairAttribute\"}]","measuredHeight":9.1,"storeysAboveGround":2,"type":"bldg:Building","usage":"[\"住宅\"]"},"id":"bldg_9fb786ce-3c2c-43d2-87ca-5a23ab6ccbb3"},{"type":"Feature","geometry":{"type":"MultiPolygon","coordinates":[[[[135.49884300769858,34.59128342607396,46.537929324623384],[135.49882669133615,34.59133195109728,46.53766912983692],[135.49893555435258,34.59135700967809,46.5379614567053],[135.49894643333423,34.59132441925302,46.538135939348116],[135.49891225050263,34.591316525810484,46.53804425020632],[135.4989144707707,34.59130986366503,46.53807990407969],[135.4988824649151,34.5913025200662,46.53799385488008],[135.49888557296828,34.5912932471533,46.53804354383655],[135.49884300769858,34.59128342607396,46.537929324623384]]],[[[135.49884300769858,34.59128342607396,46.537929324623384],[135.49888557296828,34.5912932471533,46.53804354383655],[135.49888557296828,34.5912932471533,55.04514354384655],[135.49884300769858,34.59128342607396,55.04502932463339],[135.49884300769858,34.59128342607396,46.537929324623384]]],[[[135.49888557296828,34.5912932471533,46.53804354383655],[135.4988824649151,34.5913025200662,46.53799385488008],[135.4988824649151,34.5913025200662,55.045093854890084],[135.49888557296828,34.5912932471533,55.04514354384655],[135.49888557296828,34.5912932471533,46.53804354383655]]],[[[135.4988824649151,34.5913025200662,46.53799385488008],[135.4989144707707,34.59130986366503,46.53807990407969],[135.4989144707707,34.59130986366503,55.04517990408969],[135.4988824649151,34.5913025200662,55.045093854890084],[135.4988824649151,34.5913025200662,46.53799385488008]]],[[[135.4989144707707,34.59130986366503,46.53807990407969],[135.49891225050263,34.591316525810484,46.53804425020632],[135.49891225050263,34.591316525810484,55.045144250216325],[135.4989144707707,34.59130986366503,55.04517990408969],[135.4989144707707,34.59130986366503,46.53807990407969]]],[[[135.49891225050263,34.591316525810484,46.53804425020632],[135.49894643333423,34.59132441925302,46.538135939348116],[135.49894643333423,34.59132441925302,55.04523593935812],[135.49891225050263,34.591316525810484,55.045144250216325],[135.49891225050263,34.591316525810484,46.53804425020632]]],[[[135.49894643333423,34.59132441925302,46.538135939348116],[135.49893555435258,34.59135700967809,46.5379614567053],[135.49893555435258,34.59135700967809,55.0450614567153],[135.49894643333423,34.59132441925302,55.04523593935812],[135.49894643333423,34.59132441925302,46.538135939348116]]],[[[135.49893555435258,34.59135700967809,46.5379614567053],[135.49882669133615,34.59133195109728,46.53766912983692],[135.49882669133615,34.59133195109728,55.04476912984693],[135.49893555435258,34.59135700967809,55.0450614567153],[135.49893555435258,34.59135700967809,46.5379614567053]]],[[[135.49882669133615,34.59133195109728,46.53766912983692],[135.49884300769858,34.59128342607396,46.537929324623384],[135.49884300769858,34.59128342607396,55.04502932463339],[135.49882669133615,34.59133195109728,55.04476912984693],[135.49882669133615,34.59133195109728,46.53766912983692]]],[[[135.49884300769858,34.59128342607396,55.04502932463339],[135.49888557296828,34.5912932471533,55.04514354384655],[135.4988824649151,34.5913025200662,55.045093854890084],[135.4989144707707,34.59130986366503,55.04517990408969],[135.49891225050263,34.591316525810484,55.045144250216325],[135.49894643333423,34.59132441925302,55.04523593935812],[135.49893555435258,34.59135700967809,55.0450614567153],[135.49882669133615,34.59133195109728,55.04476912984693],[135.49884300769858,34.59128342607396,55.04502932463339]]]]},"properties":{"buildingDataQualityAttribute":"{\"appearanceSrcDescLod2\":[\"未作成\"],\"appearanceSrcDescLod3\":[\"未作成\"],\"geometrySrcDescLod0\":[\"公共測量成果又は基本測量成果\"],\"geometrySrcDescLod1\":[\"公共測量成果又は基本測量成果\"],\"geometrySrcDescLod2\":[\"未作成\"],\"geometrySrcDescLod3\":[\"未作成\"],\"lod1HeightType\":\"点群から取得_中央値\",\"publicSurveyDataQualityAttribute\":{\"publicSurveySrcDescLod0\":[\"数値地形図データ\"],\"publicSurveySrcDescLod1\":[\"数値地形図データ\"],\"srcScaleLod0\":\"地図情報レベル2500\",\"srcScaleLod1\":\"地図情報レベル2500\",\"type\":\"uro:PublicSurveyDataQualityAttribute\"},\"thematicSrcDesc\":[\"公共測量成果又は基本測量成果\",\"公共測量成果又は基本測量成果ではない測量成果\",\"都市計画基礎調査\",\"その他のGISデータ\"],\"type\":\"uro:DataQualityAttribute\"}","buildingDetailAttribute":"[{\"basementFirstUsage\":\"不明\",\"basementSecondUsage\":\"不明\",\"buildingRoofEdgeArea\":48.7153767513,\"buildingStructureOrgType\":\"木造\",\"buildingStructureType\":\"木造・土蔵造\",\"detailedUsage\":\"一戸建住宅\",\"groundFloorUsage\":\"不明\",\"secondFloorUsage\":\"不明\",\"specifiedBuildingCoverageRate\":80.0,\"surveyYear\":\"2017\",\"thirdFloorUsage\":\"不明\",\"type\":\"uro:BuildingDetailAttribute\"}]","buildingDisasterRiskAttribute":"[{\"adminType\":\"国\",\"depth\":0.873,\"description\":\"大和川水系大和川\",\"duration\":0.0,\"rank\":\"0.5m以上3m未満\",\"scale\":\"L2（想定最大規模）\",\"type\":\"uro:RiverFloodingRiskAttribute\"}]","buildingIDAttribute":"[{\"branchID\":1,\"buildingID\":\"27100-bldg-26783\",\"city\":\"大阪府大阪市住吉区\",\"prefecture\":\"大阪府\",\"type\":\"uro:BuildingIDAttribute\"}]","class":"普通建物","creationDate":"2023-03-22","genericAttribute":"{\"1/2500図郭\":111,\"type\":\"gen:genericAttribute\",\"ユーザーID\":100718,\"区名\":\"住吉区\",\"町丁目名称\":\"山之内５丁目\",\"街区番号\":6,\"計測周辺長\":31.9050251095}","id":"bldg_c90f6c4d-6893-4be2-870d-8917fde5e5af","keyValuePairAttribute":"[{\"codeValue\":\"住吉区\",\"key\":\"区番号\",\"type\":\"uro:KeyValuePairAttribute\"},{\"codeValue\":\"山之内５丁目\",\"key\":\"住所コード\",\"type\":\"uro:KeyValuePairAttribute\"},{\"codeValue\":\"不明\",\"key\":\"地下２階用途\",\"type\":\"uro:KeyValuePairAttribute\"},{\"codeValue\":\"不明\",\"key\":\"地下１階用途\",\"type\":\"uro:KeyValuePairAttribute\"},{\"codeValue\":\"一戸建住宅\",\"key\":\"地上１階用途\",\"type\":\"uro:KeyValuePairAttribute\"},{\"codeValue\":\"一戸建住宅\",\"key\":\"地上２階用途\",\"type\":\"uro:KeyValuePairAttribute\"},{\"codeValue\":\"不明\",\"key\":\"地上３階用途\",\"type\":\"uro:KeyValuePairAttribute\"}]","measuredHeight":8.5,"storeysAboveGround":2,"type":"bldg:Building","usage":"[\"住宅\"]"},"id":"bldg_c90f6c4d-6893-4be2-870d-8917fde5e5af"},{"type":"Feature","geometry":{"type":"MultiPolygon","coordinates":[[[[135.49984241339286,34.589945799969456,46.834810036215266],[135.49988043536536,34.589874882491166,46.83524266334977],[135.49972573014318,34.58982183840295,46.8348982554519],[135.49968837630865,34.58989366460206,46.83446435514917],[135.49984241339286,34.589945799969456,46.834810036215266]]],[[[135.49984241339286,34.589945799969456,46.834810036215266],[135.49968837630865,34.58989366460206,46.83446435514917],[135.49968837630865,34.58989366460206,53.68386435515917],[135.49984241339286,34.589945799969456,53.68421003622527],[135.49984241339286,34.589945799969456,46.834810036215266]]],[[[135.49968837630865,34.58989366460206,46.83446435514917],[135.49972573014318,34.58982183840295,46.8348982554519],[135.49972573014318,34.58982183840295,53.6842982554619],[135.49968837630865,34.58989366460206,53.68386435515917],[135.49968837630865,34.58989366460206,46.83446435514917]]],[[[135.49972573014318,34.58982183840295,46.8348982554519],[135.49988043536536,34.589874882491166,46.83524266334977],[135.49988043536536,34.589874882491166,53.68464266335977],[135.49972573014318,34.58982183840295,53.6842982554619],[135.49972573014318,34.58982183840295,46.8348982554519]]],[[[135.49988043536536,34.589874882491166,46.83524266334977],[135.49984241339286,34.589945799969456,46.834810036215266],[135.49984241339286,34.589945799969456,53.68421003622527],[135.49988043536536,34.589874882491166,53.68464266335977],[135.49988043536536,34.589874882491166,46.83524266334977]]],[[[135.49984241339286,34.589945799969456,53.68421003622527],[135.49968837630865,34.58989366460206,53.68386435515917],[135.49972573014318,34.58982183840295,53.6842982554619],[135.49988043536536,34.589874882491166,53.68464266335977],[135.49984241339286,34.589945799969456,53.68421003622527]]]]},"properties":{"buildingDataQualityAttribute":"{\"appearanceSrcDescLod2\":[\"未作成\"],\"appearanceSrcDescLod3\":[\"未作成\"],\"geometrySrcDescLod0\":[\"公共測量成果又は基本測量成果\"],\"geometrySrcDescLod1\":[\"公共測量成果又は基本測量成果\"],\"geometrySrcDescLod2\":[\"未作成\"],\"geometrySrcDescLod3\":[\"未作成\"],\"lod1HeightType\":\"点群から取得_中央値\",\"publicSurveyDataQualityAttribute\":{\"publicSurveySrcDescLod0\":[\"数値地形図データ\"],\"publicSurveySrcDescLod1\":[\"数値地形図データ\"],\"srcScaleLod0\":\"地図情報レベル2500\",\"srcScaleLod1\":\"地図情報レベル2500\",\"type\":\"uro:PublicSurveyDataQualityAttribute\"},\"thematicSrcDesc\":[\"公共測量成果又は基本測量成果\",\"公共測量成果又は基本測量成果ではない測量成果\",\"都市計画基礎調査\",\"その他のGISデータ\"],\"type\":\"uro:DataQualityAttribute\"}","buildingDetailAttribute":"[{\"basementFirstUsage\":\"不明\",\"basementSecondUsage\":\"不明\",\"buildingRoofEdgeArea\":37.9661553771,\"buildingStructureOrgType\":\"木造\",\"buildingStructureType\":\"木造・土蔵造\",\"detailedUsage\":\"長屋建住宅\",\"groundFloorUsage\":\"不明\",\"secondFloorUsage\":\"不明\",\"specifiedBuildingCoverageRate\":80.0,\"surveyYear\":\"2017\",\"thirdFloorUsage\":\"不明\",\"type\":\"uro:BuildingDetailAttribute\"}]","buildingDisasterRiskAttribute":"[{\"adminType\":\"国\",\"depth\":0.189,\"description\":\"大和川水系大和川\",\"rank\":\"0.5m未満\",\"scale\":\"L1（計画規模）\",\"type\":\"uro:RiverFloodingRiskAttribute\"},{\"adminType\":\"国\",\"depth\":0.94,\"description\":\"大和川水系大和川\",\"duration\":4.9667,\"rank\":\"0.5m以上3m未満\",\"scale\":\"L2（想定最大規模）\",\"type\":\"uro:RiverFloodingRiskAttribute\"}]","buildingIDAttribute":"[{\"branchID\":1,\"buildingID\":\"27100-bldg-27102\",\"city\":\"大阪府大阪市住吉区\",\"prefecture\":\"大阪府\",\"type\":\"uro:BuildingIDAttribute\"}]","class":"普通建物","creationDate":"2023-03-22","genericAttribute":"{\"1/2500図郭\":111,\"type\":\"gen:genericAttribute\",\"ユーザーID\":100991,\"区名\":\"住吉区\",\"町丁目名称\":\"山之内５丁目\",\"街区番号\":3,\"計測周辺長\":26.044512064}","id":"bldg_c6d2d18f-17ea-4348-ab4c-1cecca403bd4","keyValuePairAttribute":"[{\"codeValue\":\"住吉区\",\"key\":\"区番号\",\"type\":\"uro:KeyValuePairAttribute\"},{\"codeValue\":\"山之内５丁目\",\"key\":\"住所コード\",\"type\":\"uro:KeyValuePairAttribute\"},{\"codeValue\":\"不明\",\"key\":\"地下２階用途\",\"type\":\"uro:KeyValuePairAttribute\"},{\"codeValue\":\"不明\",\"key\":\"地下１階用途\",\"type\":\"uro:KeyValuePairAttribute\"},{\"codeValue\":\"長屋建住宅\",\"key\":\"地上１階用途\",\"type\":\"uro:KeyValuePairAttribute\"},{\"codeValue\":\"長屋建住宅\",\"key\":\"地上２階用途\",\"type\":\"uro:KeyValuePairAttribute\"},{\"codeValue\":\"不明\",\"key\":\"地上３階用途\",\"type\":\"uro:KeyValuePairAttribute\"}]","measuredHeight":6.9,"storeysAboveGround":2,"type":"bldg:Building","usage":"[\"住宅\"]"},"id":"bldg_c6d2d18f-17ea-4348-ab4c-1cecca403bd4"},{"type":"Feature","geometry":{"type":"MultiPolygon","coordinates":[[[[135.49983635102387,34.590080633820676,46.29662904489373],[135.4997616757015,34.59026288597095,46.295601439991614],[135.49984595539456,34.59029703849215,46.29576705568705],[135.4999451441323,34.59011714054444,46.29687434896408],[135.49983635102387,34.590080633820676,46.29662904489373]]],[[[135.49983635102387,34.590080633820676,46.29662904489373],[135.4999451441323,34.59011714054444,46.29687434896408],[135.4999451441323,34.59011714054444,53.19387434896409],[135.49983635102387,34.590080633820676,53.193629044893726],[135.49983635102387,34.590080633820676,46.29662904489373]]],[[[135.4999451441323,34.59011714054444,46.29687434896408],[135.49984595539456,34.59029703849215,46.29576705568705],[135.49984595539456,34.59029703849215,53.19276705568706],[135.4999451441323,34.59011714054444,53.19387434896409],[135.4999451441323,34.59011714054444,46.29687434896408]]],[[[135.49984595539456,34.59029703849215,46.29576705568705],[135.4997616757015,34.59026288597095,46.295601439991614],[135.4997616757015,34.59026288597095,53.19260143999162],[135.49984595539456,34.59029703849215,53.19276705568706],[135.49984595539456,34.59029703849215,46.29576705568705]]],[[[135.4997616757015,34.59026288597095,46.295601439991614],[135.49983635102387,34.590080633820676,46.29662904489373],[135.49983635102387,34.590080633820676,53.193629044893726],[135.4997616757015,34.59026288597095,53.19260143999162],[135.4997616757015,34.59026288597095,46.295601439991614]]],[[[135.49983635102387,34.590080633820676,53.193629044893726],[135.4999451441323,34.59011714054444,53.19387434896409],[135.49984595539456,34.59029703849215,53.19276705568706],[135.4997616757015,34.59026288597095,53.19260143999162],[135.49983635102387,34.590080633820676,53.193629044893726]]]]},"properties":{"buildingDataQualityAttribute":"{\"appearanceSrcDescLod2\":[\"未作成\"],\"appearanceSrcDescLod3\":[\"未作成\"],\"geometrySrcDescLod0\":[\"公共測量成果又は基本測量成果\"],\"geometrySrcDescLod1\":[\"公共測量成果又は基本測量成果\"],\"geometrySrcDescLod2\":[\"未作成\"],\"geometrySrcDescLod3\":[\"未作成\"],\"lod1HeightType\":\"点群から取得_中央値\",\"publicSurveyDataQualityAttribute\":{\"publicSurveySrcDescLod0\":[\"数値地形図データ\"],\"publicSurveySrcDescLod1\":[\"数値地形図データ\"],\"srcScaleLod0\":\"地図情報レベル2500\",\"srcScaleLod1\":\"地図情報レベル2500\",\"type\":\"uro:PublicSurveyDataQualityAttribute\"},\"thematicSrcDesc\":[\"公共測量成果又は基本測量成果\",\"公共測量成果又は基本測量成果ではない測量成果\",\"都市計画基礎調査\",\"その他のGISデータ\"],\"type\":\"uro:DataQualityAttribute\"}","buildingDetailAttribute":"[{\"basementFirstUsage\":\"不明\",\"basementSecondUsage\":\"不明\",\"buildingRoofEdgeArea\":40.3947736376,\"buildingStructureOrgType\":\"木造\",\"buildingStructureType\":\"木造・土蔵造\",\"detailedUsage\":\"長屋建住宅\",\"groundFloorUsage\":\"不明\",\"secondFloorUsage\":\"不明\",\"specifiedBuildingCoverageRate\":80.0,\"surveyYear\":\"2017\",\"thirdFloorUsage\":\"不明\",\"type\":\"uro:BuildingDetailAttribute\"}]","buildingDisasterRiskAttribute":"[{\"adminType\":\"国\",\"depth\":0.88,\"description\":\"大和川水系大和川\",\"rank\":\"0.5m以上3m未満\",\"scale\":\"L1（計画規模）\",\"type\":\"uro:RiverFloodingRiskAttribute\"},{\"adminType\":\"国\",\"depth\":1.49,\"description\":\"大和川水系大和川\",\"duration\":4.9,\"rank\":\"0.5m以上3m未満\",\"scale\":\"L2（想定最大規模）\",\"type\":\"uro:RiverFloodingRiskAttribute\"}]","buildingIDAttribute":"[{\"branchID\":1,\"buildingID\":\"27100-bldg-27012\",\"city\":\"大阪府大阪市住吉区\",\"prefecture\":\"大阪府\",\"type\":\"uro:BuildingIDAttribute\"}]","class":"普通建物","creationDate":"2023-03-22","genericAttribute":"{\"1/2500図郭\":111,\"type\":\"gen:genericAttribute\",\"ユーザーID\":100832,\"区名\":\"住吉区\",\"町丁目名称\":\"山之内５丁目\",\"街区番号\":3,\"計測周辺長\":28.8077203325}","id":"bldg_f1ead4fe-cb53-45e1-bbd9-a022e4234424","keyValuePairAttribute":"[{\"codeValue\":\"住吉区\",\"key\":\"区番号\",\"type\":\"uro:KeyValuePairAttribute\"},{\"codeValue\":\"山之内５丁目\",\"key\":\"住所コード\",\"type\":\"uro:KeyValuePairAttribute\"},{\"codeValue\":\"不明\",\"key\":\"地下２階用途\",\"type\":\"uro:KeyValuePairAttribute\"},{\"codeValue\":\"不明\",\"key\":\"地下１階用途\",\"type\":\"uro:KeyValuePairAttribute\"},{\"codeValue\":\"長屋建住宅\",\"key\":\"地上１階用途\",\"type\":\"uro:KeyValuePairAttribute\"},{\"codeValue\":\"長屋建住宅\",\"key\":\"地上２階用途\",\"type\":\"uro:KeyValuePairAttribute\"},{\"codeValue\":\"不明\",\"key\":\"地上３階用途\",\"type\":\"uro:KeyValuePairAttribute\"}]","measuredHeight":6.9,"storeysAboveGround":2,"type":"bldg:Building","usage":"[\"住宅\"]"},"id":"bldg_f1ead4fe-cb53-45e1-bbd9-a022e4234424"},{"type":"Feature","geometry":{"type":"MultiPolygon","coordinates":[[[[135.49934492574533,34.591043788228056,46.887148057899154],[135.49929693076737,34.59113951325265,46.88657690562251],[135.4994129002406,34.591179295373045,46.886834161172224],[135.49946100412004,34.591083570749625,46.88740576550601],[135.49934492574533,34.591043788228056,46.887148057899154]]],[[[135.49934492574533,34.591043788228056,46.887148057899154],[135.49946100412004,34.591083570749625,46.88740576550601],[135.49946100412004,34.591083570749625,52.20810576550601],[135.49934492574533,34.591043788228056,52.207848057899156],[135.49934492574533,34.591043788228056,46.887148057899154]]],[[[135.49946100412004,34.591083570749625,46.88740576550601],[135.4994129002406,34.591179295373045,46.886834161172224],[135.4994129002406,34.591179295373045,52.20753416117223],[135.49946100412004,34.591083570749625,52.20810576550601],[135.49946100412004,34.591083570749625,46.88740576550601]]],[[[135.4994129002406,34.591179295373045,46.886834161172224],[135.49929693076737,34.59113951325265,46.88657690562251],[135.49929693076737,34.59113951325265,52.207276905622514],[135.4994129002406,34.591179295373045,52.20753416117223],[135.4994129002406,34.591179295373045,46.886834161172224]]],[[[135.49929693076737,34.59113951325265,46.88657690562251],[135.49934492574533,34.591043788228056,46.887148057899154],[135.49934492574533,34.591043788228056,52.207848057899156],[135.49929693076737,34.59113951325265,52.207276905622514],[135.49929693076737,34.59113951325265,46.88657690562251]]],[[[135.49934492574533,34.591043788228056,52.207848057899156],[135.49946100412004,34.591083570749625,52.20810576550601],[135.4994129002406,34.591179295373045,52.20753416117223],[135.49929693076737,34.59113951325265,52.207276905622514],[135.49934492574533,34.591043788228056,52.207848057899156]]]]},"properties":{"buildingDataQualityAttribute":"{\"appearanceSrcDescLod2\":[\"未作成\"],\"appearanceSrcDescLod3\":[\"未作成\"],\"geometrySrcDescLod0\":[\"公共測量成果又は基本測量成果\"],\"geometrySrcDescLod1\":[\"公共測量成果又は基本測量成果\"],\"geometrySrcDescLod2\":[\"未作成\"],\"geometrySrcDescLod3\":[\"未作成\"],\"lod1HeightType\":\"点群から取得_中央値\",\"publicSurveyDataQualityAttribute\":{\"publicSurveySrcDescLod0\":[\"数値地形図データ\"],\"publicSurveySrcDescLod1\":[\"数値地形図データ\"],\"srcScaleLod0\":\"地図情報レベル2500\",\"srcScaleLod1\":\"地図情報レベル2500\",\"type\":\"uro:PublicSurveyDataQualityAttribute\"},\"thematicSrcDesc\":[\"公共測量成果又は基本測量成果\",\"公共測量成果又は基本測量成果ではない測量成果\",\"都市計画基礎調査\",\"その他のGISデータ\"],\"type\":\"uro:DataQualityAttribute\"}","buildingDetailAttribute":"[{\"basementFirstUsage\":\"不明\",\"basementSecondUsage\":\"不明\",\"buildingRoofEdgeArea\":132.472354111,\"buildingStructureOrgType\":\"非木造\",\"buildingStructureType\":\"非木造\",\"detailedUsage\":\"流通施設\",\"groundFloorUsage\":\"不明\",\"secondFloorUsage\":\"不明\",\"specifiedBuildingCoverageRate\":80.0,\"surveyYear\":\"2017\",\"thirdFloorUsage\":\"不明\",\"type\":\"uro:BuildingDetailAttribute\"}]","buildingDisasterRiskAttribute":"[{\"adminType\":\"国\",\"depth\":0.1,\"description\":\"大和川水系大和川\",\"rank\":\"0.5m未満\",\"scale\":\"L1（計画規模）\",\"type\":\"uro:RiverFloodingRiskAttribute\"},{\"adminType\":\"国\",\"depth\":0.489,\"description\":\"大和川水系大和川\",\"duration\":1.0167,\"rank\":\"0.5m未満\",\"scale\":\"L2（想定最大規模）\",\"type\":\"uro:RiverFloodingRiskAttribute\"}]","buildingIDAttribute":"[{\"branchID\":1,\"buildingID\":\"27100-bldg-26819\",\"city\":\"大阪府大阪市住吉区\",\"prefecture\":\"大阪府\",\"type\":\"uro:BuildingIDAttribute\"}]","class":"普通建物","creationDate":"2023-03-22","genericAttribute":"{\"1/2500図郭\":111,\"type\":\"gen:genericAttribute\",\"ユーザーID\":100722,\"区名\":\"住吉区\",\"町丁目名称\":\"山之内５丁目\",\"街区番号\":3,\"計測周辺長\":46.0386871202}","id":"bldg_5f377f00-e412-47de-ab33-4245250a91ed","keyValuePairAttribute":"[{\"codeValue\":\"住吉区\",\"key\":\"区番号\",\"type\":\"uro:KeyValuePairAttribute\"},{\"codeValue\":\"山之内５丁目\",\"key\":\"住所コード\",\"type\":\"uro:KeyValuePairAttribute\"},{\"codeValue\":\"不明\",\"key\":\"地下２階用途\",\"type\":\"uro:KeyValuePairAttribute\"},{\"codeValue\":\"不明\",\"key\":\"地下１階用途\",\"type\":\"uro:KeyValuePairAttribute\"},{\"codeValue\":\"流通施設\",\"key\":\"地上１階用途\",\"type\":\"uro:KeyValuePairAttribute\"},{\"codeValue\":\"不明\",\"key\":\"地上２階用途\",\"type\":\"uro:KeyValuePairAttribute\"},{\"codeValue\":\"不明\",\"key\":\"地上３階用途\",\"type\":\"uro:KeyValuePairAttribute\"}]","measuredHeight":5.3,"storeysAboveGround":1,"type":"bldg:Building","usage":"[\"運輸倉庫施設\"]"},"id":"bldg_5f377f00-e412-47de-ab33-4245250a91ed"},{"type":"Feature","geometry":{"type":"MultiPolygon","coordinates":[[[[135.49921583150675,34.591581168726655,47.076152819458315],[135.4993211605763,34.59160225658429,47.07644851121856],[135.49933881431693,34.59155918127342,47.07669111983367],[135.4992324988609,34.59153843376482,47.076390405335346],[135.49921583150675,34.591581168726655,47.076152819458315]]],[[[135.49921583150675,34.591581168726655,47.076152819458315],[135.4992324988609,34.59153843376482,47.076390405335346],[135.4992324988609,34.59153843376482,53.28539040533535],[135.49921583150675,34.591581168726655,53.28515281945832],[135.49921583150675,34.591581168726655,47.076152819458315]]],[[[135.4992324988609,34.59153843376482,47.076390405335346],[135.49933881431693,34.59155918127342,47.07669111983367],[135.49933881431693,34.59155918127342,53.285691119833665],[135.4992324988609,34.59153843376482,53.28539040533535],[135.4992324988609,34.59153843376482,47.076390405335346]]],[[[135.49933881431693,34.59155918127342,47.07669111983367],[135.4993211605763,34.59160225658429,47.07644851121856],[135.4993211605763,34.59160225658429,53.28544851121856],[135.49933881431693,34.59155918127342,53.285691119833665],[135.49933881431693,34.59155918127342,47.07669111983367]]],[[[135.4993211605763,34.59160225658429,47.07644851121856],[135.49921583150675,34.591581168726655,47.076152819458315],[135.49921583150675,34.591581168726655,53.28515281945832],[135.4993211605763,34.59160225658429,53.28544851121856],[135.4993211605763,34.59160225658429,47.07644851121856]]],[[[135.49921583150675,34.591581168726655,53.28515281945832],[135.4992324988609,34.59153843376482,53.28539040533535],[135.49933881431693,34.59155918127342,53.285691119833665],[135.4993211605763,34.59160225658429,53.28544851121856],[135.49921583150675,34.591581168726655,53.28515281945832]]]]},"properties":{"buildingDataQualityAttribute":"{\"appearanceSrcDescLod2\":[\"未作成\"],\"appearanceSrcDescLod3\":[\"未作成\"],\"geometrySrcDescLod0\":[\"公共測量成果又は基本測量成果\"],\"geometrySrcDescLod1\":[\"公共測量成果又は基本測量成果\"],\"geometrySrcDescLod2\":[\"未作成\"],\"geometrySrcDescLod3\":[\"未作成\"],\"lod1HeightType\":\"点群から取得_中央値\",\"publicSurveyDataQualityAttribute\":{\"publicSurveySrcDescLod0\":[\"数値地形図データ\"],\"publicSurveySrcDescLod1\":[\"数値地形図データ\"],\"srcScaleLod0\":\"地図情報レベル2500\",\"srcScaleLod1\":\"地図情報レベル2500\",\"type\":\"uro:PublicSurveyDataQualityAttribute\"},\"thematicSrcDesc\":[\"公共測量成果又は基本測量成果\",\"公共測量成果又は基本測量成果ではない測量成果\",\"都市計画基礎調査\",\"その他のGISデータ\"],\"type\":\"uro:DataQualityAttribute\"}","buildingDetailAttribute":"[{\"basementFirstUsage\":\"不明\",\"basementSecondUsage\":\"不明\",\"buildingRoofEdgeArea\":49.3787319976,\"buildingStructureOrgType\":\"木造\",\"buildingStructureType\":\"木造・土蔵造\",\"detailedUsage\":\"一戸建住宅\",\"groundFloorUsage\":\"不明\",\"secondFloorUsage\":\"不明\",\"specifiedBuildingCoverageRate\":80.0,\"surveyYear\":\"2017\",\"thirdFloorUsage\":\"不明\",\"type\":\"uro:BuildingDetailAttribute\"}]","buildingDisasterRiskAttribute":"[{\"adminType\":\"国\",\"depth\":0.274,\"description\":\"大和川水系大和川\",\"duration\":0.0,\"rank\":\"0.5m未満\",\"scale\":\"L2（想定最大規模）\",\"type\":\"uro:RiverFloodingRiskAttribute\"}]","buildingIDAttribute":"[{\"branchID\":1,\"buildingID\":\"27100-bldg-26718\",\"city\":\"大阪府大阪市住吉区\",\"prefecture\":\"大阪府\",\"type\":\"uro:BuildingIDAttribute\"}]","class":"普通建物","creationDate":"2023-03-22","genericAttribute":"{\"1/2500図郭\":111,\"type\":\"gen:genericAttribute\",\"ユーザーID\":100702,\"区名\":\"住吉区\",\"町丁目名称\":\"山之内５丁目\",\"街区番号\":4,\"計測周辺長\":29.885738654}","id":"bldg_cd58c25f-71aa-49eb-ba5b-a498db1ec362","keyValuePairAttribute":"[{\"codeValue\":\"住吉区\",\"key\":\"区番号\",\"type\":\"uro:KeyValuePairAttribute\"},{\"codeValue\":\"山之内５丁目\",\"key\":\"住所コード\",\"type\":\"uro:KeyValuePairAttribute\"},{\"codeValue\":\"不明\",\"key\":\"地下２階用途\",\"type\":\"uro:KeyValuePairAttribute\"},{\"codeValue\":\"不明\",\"key\":\"地下１階用途\",\"type\":\"uro:KeyValuePairAttribute\"},{\"codeValue\":\"一戸建住宅\",\"key\":\"地上１階用途\",\"type\":\"uro:KeyValuePairAttribute\"},{\"codeValue\":\"一戸建住宅\",\"key\":\"地上２階用途\",\"type\":\"uro:KeyValuePairAttribute\"},{\"codeValue\":\"不明\",\"key\":\"地上３階用途\",\"type\":\"uro:KeyValuePairAttribute\"}]","measuredHeight":6.2,"storeysAboveGround":2,"type":"bldg:Building","usage":"[\"住宅\"]"},"id":"bldg_cd58c25f-71aa-49eb-ba5b-a498db1ec362"},{"type":"Feature","geometry":{"type":"MultiPolygon","coordinates":[[[[135.4995446190344,34.59057058794599,46.78053546260266],[135.49950889942318,34.59064449157709,46.78009916381161],[135.49964469231045,34.59069062936925,46.78040258789411],[135.49967201235077,34.59067947235528,46.780548324098135],[135.49969961609128,34.59062098659086,46.78089123369407],[135.4995446190344,34.59057058794599,46.78053546260266]]],[[[135.4995446190344,34.59057058794599,46.78053546260266],[135.49969961609128,34.59062098659086,46.78089123369407],[135.49969961609128,34.59062098659086,53.920891233684074],[135.4995446190344,34.59057058794599,53.92053546259266],[135.4995446190344,34.59057058794599,46.78053546260266]]],[[[135.49969961609128,34.59062098659086,46.78089123369407],[135.49967201235077,34.59067947235528,46.780548324098135],[135.49967201235077,34.59067947235528,53.92054832408814],[135.49969961609128,34.59062098659086,53.920891233684074],[135.49969961609128,34.59062098659086,46.78089123369407]]],[[[135.49967201235077,34.59067947235528,46.780548324098135],[135.49964469231045,34.59069062936925,46.78040258789411],[135.49964469231045,34.59069062936925,53.92040258788411],[135.49967201235077,34.59067947235528,53.92054832408814],[135.49967201235077,34.59067947235528,46.780548324098135]]],[[[135.49964469231045,34.59069062936925,46.78040258789411],[135.49950889942318,34.59064449157709,46.78009916381161],[135.49950889942318,34.59064449157709,53.920099163801616],[135.49964469231045,34.59069062936925,53.92040258788411],[135.49964469231045,34.59069062936925,46.78040258789411]]],[[[135.49950889942318,34.59064449157709,46.78009916381161],[135.4995446190344,34.59057058794599,46.78053546260266],[135.4995446190344,34.59057058794599,53.92053546259266],[135.49950889942318,34.59064449157709,53.920099163801616],[135.49950889942318,34.59064449157709,46.78009916381161]]],[[[135.4995446190344,34.59057058794599,53.92053546259266],[135.49969961609128,34.59062098659086,53.920891233684074],[135.49967201235077,34.59067947235528,53.92054832408814],[135.49964469231045,34.59069062936925,53.92040258788411],[135.49950889942318,34.59064449157709,53.920099163801616],[135.4995446190344,34.59057058794599,53.92053546259266]]]]},"properties":{"buildingDataQualityAttribute":"{\"appearanceSrcDescLod2\":[\"未作成\"],\"appearanceSrcDescLod3\":[\"未作成\"],\"geometrySrcDescLod0\":[\"公共測量成果又は基本測量成果\"],\"geometrySrcDescLod1\":[\"公共測量成果又は基本測量成果\"],\"geometrySrcDescLod2\":[\"未作成\"],\"geometrySrcDescLod3\":[\"未作成\"],\"lod1HeightType\":\"点群から取得_中央値\",\"publicSurveyDataQualityAttribute\":{\"publicSurveySrcDescLod0\":[\"数値地形図データ\"],\"publicSurveySrcDescLod1\":[\"数値地形図データ\"],\"srcScaleLod0\":\"地図情報レベル2500\",\"srcScaleLod1\":\"地図情報レベル2500\",\"type\":\"uro:PublicSurveyDataQualityAttribute\"},\"thematicSrcDesc\":[\"公共測量成果又は基本測量成果\",\"公共測量成果又は基本測量成果ではない測量成果\",\"都市計画基礎調査\",\"その他のGISデータ\"],\"type\":\"uro:DataQualityAttribute\"}","buildingDetailAttribute":"[{\"basementFirstUsage\":\"不明\",\"basementSecondUsage\":\"不明\",\"buildingRoofEdgeArea\":38.4021524992,\"buildingStructureOrgType\":\"木造\",\"buildingStructureType\":\"木造・土蔵造\",\"detailedUsage\":\"長屋建住宅\",\"groundFloorUsage\":\"不明\",\"secondFloorUsage\":\"不明\",\"specifiedBuildingCoverageRate\":80.0,\"surveyYear\":\"2017\",\"thirdFloorUsage\":\"不明\",\"type\":\"uro:BuildingDetailAttribute\"}]","buildingDisasterRiskAttribute":"[{\"adminType\":\"国\",\"depth\":0.106,\"description\":\"大和川水系大和川\",\"rank\":\"0.5m未満\",\"scale\":\"L1（計画規模）\",\"type\":\"uro:RiverFloodingRiskAttribute\"},{\"adminType\":\"国\",\"depth\":0.595,\"description\":\"大和川水系大和川\",\"duration\":2.1667,\"rank\":\"0.5m以上3m未満\",\"scale\":\"L2（想定最大規模）\",\"type\":\"uro:RiverFloodingRiskAttribute\"}]","buildingIDAttribute":"[{\"branchID\":1,\"buildingID\":\"27100-bldg-26910\",\"city\":\"大阪府大阪市住吉区\",\"prefecture\":\"大阪府\",\"type\":\"uro:BuildingIDAttribute\"}]","class":"普通建物","creationDate":"2023-03-22","genericAttribute":"{\"1/2500図郭\":111,\"type\":\"gen:genericAttribute\",\"ユーザーID\":100739,\"区名\":\"住吉区\",\"町丁目名称\":\"山之内５丁目\",\"街区番号\":3,\"計測周辺長\":25.8188763139}","id":"bldg_7654c53e-248b-4b8d-ac2c-700968794af8","keyValuePairAttribute":"[{\"codeValue\":\"住吉区\",\"key\":\"区番号\",\"type\":\"uro:KeyValuePairAttribute\"},{\"codeValue\":\"山之内５丁目\",\"key\":\"住所コード\",\"type\":\"uro:KeyValuePairAttribute\"},{\"codeValue\":\"不明\",\"key\":\"地下２階用途\",\"type\":\"uro:KeyValuePairAttribute\"},{\"codeValue\":\"不明\",\"key\":\"地下１階用途\",\"type\":\"uro:KeyValuePairAttribute\"},{\"codeValue\":\"長屋建住宅\",\"key\":\"地上１階用途\",\"type\":\"uro:KeyValuePairAttribute\"},{\"codeValue\":\"長屋建住宅\",\"key\":\"地上２階用途\",\"type\":\"uro:KeyValuePairAttribute\"},{\"codeValue\":\"不明\",\"key\":\"地上３階用途\",\"type\":\"uro:KeyValuePairAttribute\"}]","measuredHeight":7.1,"storeysAboveGround":2,"type":"bldg:Building","usage":"[\"住宅\"]"},"id":"bldg_7654c53e-248b-4b8d-ac2c-700968794af8"},{"type":"Feature","geometry":{"type":"MultiPolygon","coordinates":[[[[135.49984269747006,34.59129546078734,47.29281670321306],[135.499820625183,34.59134044641972,47.292549937171245],[135.49987773430445,34.59136096472227,47.29267264896082],[135.49988048658582,34.591356468391936,47.29270129993847],[135.4998940994336,34.5913587779841,47.29274124855961],[135.49991886994678,34.5913183110052,47.29299911734334],[135.49989169828385,34.59130467682678,47.292956780202516],[135.49988622073582,34.591309161988924,47.29291825916725],[135.49984269747006,34.59129546078734,47.29281670321306]]],[[[135.49984269747006,34.59129546078734,47.29281670321306],[135.49988622073582,34.591309161988924,47.29291825916725],[135.49988622073582,34.591309161988924,50.29291825916725],[135.49984269747006,34.59129546078734,50.29281670321306],[135.49984269747006,34.59129546078734,47.29281670321306]]],[[[135.49988622073582,34.591309161988924,47.29291825916725],[135.49989169828385,34.59130467682678,47.292956780202516],[135.49989169828385,34.59130467682678,50.292956780202516],[135.49988622073582,34.591309161988924,50.29291825916725],[135.49988622073582,34.591309161988924,47.29291825916725]]],[[[135.49989169828385,34.59130467682678,47.292956780202516],[135.49991886994678,34.5913183110052,47.29299911734334],[135.49991886994678,34.5913183110052,50.29299911734334],[135.49989169828385,34.59130467682678,50.292956780202516],[135.49989169828385,34.59130467682678,47.292956780202516]]],[[[135.49991886994678,34.5913183110052,47.29299911734334],[135.4998940994336,34.5913587779841,47.29274124855961],[135.4998940994336,34.5913587779841,50.29274124855961],[135.49991886994678,34.5913183110052,50.29299911734334],[135.49991886994678,34.5913183110052,47.29299911734334]]],[[[135.4998940994336,34.5913587779841,47.29274124855961],[135.49988048658582,34.591356468391936,47.29270129993847],[135.49988048658582,34.591356468391936,50.29270129993847],[135.4998940994336,34.5913587779841,50.29274124855961],[135.4998940994336,34.5913587779841,47.29274124855961]]],[[[135.49988048658582,34.591356468391936,47.29270129993847],[135.49987773430445,34.59136096472227,47.29267264896082],[135.49987773430445,34.59136096472227,50.29267264896082],[135.49988048658582,34.591356468391936,50.29270129993847],[135.49988048658582,34.591356468391936,47.29270129993847]]],[[[135.49987773430445,34.59136096472227,47.29267264896082],[135.499820625183,34.59134044641972,47.292549937171245],[135.499820625183,34.59134044641972,50.292549937171245],[135.49987773430445,34.59136096472227,50.29267264896082],[135.49987773430445,34.59136096472227,47.29267264896082]]],[[[135.499820625183,34.59134044641972,47.292549937171245],[135.49984269747006,34.59129546078734,47.29281670321306],[135.49984269747006,34.59129546078734,50.29281670321306],[135.499820625183,34.59134044641972,50.292549937171245],[135.499820625183,34.59134044641972,47.292549937171245]]],[[[135.49984269747006,34.59129546078734,50.29281670321306],[135.49988622073582,34.591309161988924,50.29291825916725],[135.49989169828385,34.59130467682678,50.292956780202516],[135.49991886994678,34.5913183110052,50.29299911734334],[135.4998940994336,34.5913587779841,50.29274124855961],[135.49988048658582,34.591356468391936,50.29270129993847],[135.49987773430445,34.59136096472227,50.29267264896082],[135.499820625183,34.59134044641972,50.292549937171245],[135.49984269747006,34.59129546078734,50.29281670321306]]]]},"properties":{"buildingDataQualityAttribute":"{\"appearanceSrcDescLod2\":[\"未作成\"],\"appearanceSrcDescLod3\":[\"未作成\"],\"geometrySrcDescLod0\":[\"公共測量成果又は基本測量成果\"],\"geometrySrcDescLod1\":[\"公共測量成果又は基本測量成果\"],\"geometrySrcDescLod2\":[\"未作成\"],\"geometrySrcDescLod3\":[\"未作成\"],\"lod1HeightType\":\"取得不可のため一律値（3m）\",\"publicSurveyDataQualityAttribute\":{\"publicSurveySrcDescLod0\":[\"数値地形図データ\"],\"publicSurveySrcDescLod1\":[\"数値地形図データ\"],\"srcScaleLod0\":\"地図情報レベル2500\",\"srcScaleLod1\":\"地図情報レベル2500\",\"type\":\"uro:PublicSurveyDataQualityAttribute\"},\"thematicSrcDesc\":[\"公共測量成果又は基本測量成果\",\"公共測量成果又は基本測量成果ではない測量成果\",\"都市計画基礎調査\",\"その他のGISデータ\"],\"type\":\"uro:DataQualityAttribute\"}","buildingDetailAttribute":"[{\"basementFirstUsage\":\"不明\",\"basementSecondUsage\":\"不明\",\"buildingRoofEdgeArea\":40.1873624977,\"buildingStructureOrgType\":\"非木造\",\"buildingStructureType\":\"非木造\",\"detailedUsage\":\"車庫\",\"groundFloorUsage\":\"不明\",\"secondFloorUsage\":\"不明\",\"specifiedBuildingCoverageRate\":80.0,\"surveyYear\":\"2017\",\"thirdFloorUsage\":\"不明\",\"type\":\"uro:BuildingDetailAttribute\"}]","buildingIDAttribute":"[{\"branchID\":1,\"buildingID\":\"27100-bldg-26782\",\"city\":\"大阪府大阪市住吉区\",\"prefecture\":\"大阪府\",\"type\":\"uro:BuildingIDAttribute\"}]","class":"普通無壁舎","creationDate":"2023-03-22","genericAttribute":"{\"1/2500図郭\":111,\"type\":\"gen:genericAttribute\",\"ユーザーID\":100719,\"区名\":\"住吉区\",\"町丁目名称\":\"山之内５丁目\",\"街区番号\":3,\"計測周辺長\":25.8564471663}","id":"bldg_d253ad04-b500-40cd-9e0e-273645ed74a5","keyValuePairAttribute":"[{\"codeValue\":\"住吉区\",\"key\":\"区番号\",\"type\":\"uro:KeyValuePairAttribute\"},{\"codeValue\":\"山之内５丁目\",\"key\":\"住所コード\",\"type\":\"uro:KeyValuePairAttribute\"},{\"codeValue\":\"不明\",\"key\":\"地下２階用途\",\"type\":\"uro:KeyValuePairAttribute\"},{\"codeValue\":\"不明\",\"key\":\"地下１階用途\",\"type\":\"uro:KeyValuePairAttribute\"},{\"codeValue\":\"車庫\",\"key\":\"地上１階用途\",\"type\":\"uro:KeyValuePairAttribute\"},{\"codeValue\":\"不明\",\"key\":\"地上２階用途\",\"type\":\"uro:KeyValuePairAttribute\"},{\"codeValue\":\"不明\",\"key\":\"地上３階用途\",\"type\":\"uro:KeyValuePairAttribute\"}]","measuredHeight":-9999.0,"storeysAboveGround":1,"type":"bldg:Building","usage":"[\"運輸倉庫施設\"]"},"id":"bldg_d253ad04-b500-40cd-9e0e-273645ed74a5"},{"type":"Feature","geometry":{"type":"MultiPolygon","coordinates":[[[[135.49902092077042,34.59093057065657,46.27063742483411],[135.49899984960535,34.59097398258796,46.27038099835667],[135.49931482883835,34.591085315064625,46.27106651584811],[135.49933461393292,34.59104546782971,46.27130356741491],[135.49902092077042,34.59093057065657,46.27063742483411]]],[[[135.49902092077042,34.59093057065657,46.27063742483411],[135.49933461393292,34.59104546782971,46.27130356741491],[135.49933461393292,34.59104546782971,50.00780356741491],[135.49902092077042,34.59093057065657,50.00713742483411],[135.49902092077042,34.59093057065657,46.27063742483411]]],[[[135.49933461393292,34.59104546782971,46.27130356741491],[135.49931482883835,34.591085315064625,46.27106651584811],[135.49931482883835,34.591085315064625,50.00756651584811],[135.49933461393292,34.59104546782971,50.00780356741491],[135.49933461393292,34.59104546782971,46.27130356741491]]],[[[135.49931482883835,34.591085315064625,46.27106651584811],[135.49899984960535,34.59097398258796,46.27038099835667],[135.49899984960535,34.59097398258796,50.00688099835667],[135.49931482883835,34.591085315064625,50.00756651584811],[135.49931482883835,34.591085315064625,46.27106651584811]]],[[[135.49899984960535,34.59097398258796,46.27038099835667],[135.49902092077042,34.59093057065657,46.27063742483411],[135.49902092077042,34.59093057065657,50.00713742483411],[135.49899984960535,34.59097398258796,50.00688099835667],[135.49899984960535,34.59097398258796,46.27038099835667]]],[[[135.49902092077042,34.59093057065657,50.00713742483411],[135.49933461393292,34.59104546782971,50.00780356741491],[135.49931482883835,34.591085315064625,50.00756651584811],[135.49899984960535,34.59097398258796,50.00688099835667],[135.49902092077042,34.59093057065657,50.00713742483411]]]]},"properties":{"buildingDataQualityAttribute":"{\"appearanceSrcDescLod2\":[\"未作成\"],\"appearanceSrcDescLod3\":[\"未作成\"],\"geometrySrcDescLod0\":[\"公共測量成果又は基本測量成果\"],\"geometrySrcDescLod1\":[\"公共測量成果又は基本測量成果\"],\"geometrySrcDescLod2\":[\"未作成\"],\"geometrySrcDescLod3\":[\"未作成\"],\"lod1HeightType\":\"点群から取得_中央値\",\"publicSurveyDataQualityAttribute\":{\"publicSurveySrcDescLod0\":[\"数値地形図データ\"],\"publicSurveySrcDescLod1\":[\"数値地形図データ\"],\"srcScaleLod0\":\"地図情報レベル2500\",\"srcScaleLod1\":\"地図情報レベル2500\",\"type\":\"uro:PublicSurveyDataQualityAttribute\"},\"thematicSrcDesc\":[\"公共測量成果又は基本測量成果\",\"公共測量成果又は基本測量成果ではない測量成果\",\"都市計画基礎調査\",\"その他のGISデータ\"],\"type\":\"uro:DataQualityAttribute\"}","buildingDetailAttribute":"[{\"basementFirstUsage\":\"不明\",\"basementSecondUsage\":\"不明\",\"buildingRoofEdgeArea\":156.820466078,\"buildingStructureOrgType\":\"木造\",\"buildingStructureType\":\"木造・土蔵造\",\"detailedUsage\":\"車庫\",\"groundFloorUsage\":\"不明\",\"secondFloorUsage\":\"不明\",\"specifiedBuildingCoverageRate\":80.0,\"surveyYear\":\"2017\",\"thirdFloorUsage\":\"不明\",\"type\":\"uro:BuildingDetailAttribute\"}]","buildingDisasterRiskAttribute":"[{\"adminType\":\"国\",\"depth\":0.07,\"description\":\"大和川水系大和川\",\"rank\":\"0.5m未満\",\"scale\":\"L1（計画規模）\",\"type\":\"uro:RiverFloodingRiskAttribute\"},{\"adminType\":\"国\",\"depth\":0.475,\"description\":\"大和川水系大和川\",\"duration\":2.5333,\"rank\":\"0.5m未満\",\"scale\":\"L2（想定最大規模）\",\"type\":\"uro:RiverFloodingRiskAttribute\"}]","buildingIDAttribute":"[{\"branchID\":1,\"buildingID\":\"27100-bldg-26839\",\"city\":\"大阪府大阪市住吉区\",\"prefecture\":\"大阪府\",\"type\":\"uro:BuildingIDAttribute\"}]","class":"普通建物","creationDate":"2023-03-22","genericAttribute":"{\"1/2500図郭\":111,\"type\":\"gen:genericAttribute\",\"ユーザーID\":100724,\"区名\":\"住吉区\",\"町丁目名称\":\"山之内５丁目\",\"街区番号\":3,\"計測周辺長\":72.8642012653}","id":"bldg_e1d4e054-a04a-4e51-878e-9c6a830e84ab","keyValuePairAttribute":"[{\"codeValue\":\"住吉区\",\"key\":\"区番号\",\"type\":\"uro:KeyValuePairAttribute\"},{\"codeValue\":\"山之内５丁目\",\"key\":\"住所コード\",\"type\":\"uro:KeyValuePairAttribute\"},{\"codeValue\":\"不明\",\"key\":\"地下２階用途\",\"type\":\"uro:KeyValuePairAttribute\"},{\"codeValue\":\"不明\",\"key\":\"地下１階用途\",\"type\":\"uro:KeyValuePairAttribute\"},{\"codeValue\":\"車庫\",\"key\":\"地上１階用途\",\"type\":\"uro:KeyValuePairAttribute\"},{\"codeValue\":\"不明\",\"key\":\"地上２階用途\",\"type\":\"uro:KeyValuePairAttribute\"},{\"codeValue\":\"不明\",\"key\":\"地上３階用途\",\"type\":\"uro:KeyValuePairAttribute\"}]","measuredHeight":3.7,"storeysAboveGround":1,"type":"bldg:Building","usage":"[\"運輸倉庫施設\"]"},"id":"bldg_e1d4e054-a04a-4e51-878e-9c6a830e84ab"},{"type":"Feature","geometry":{"type":"MultiPolygon","coordinates":[[[[135.49984269747006,34.59129546078734,47.03971670321307],[135.49984544975112,34.59129096445774,47.039745354328495],[135.49980466527694,34.591275020662565,47.03966304990709],[135.49977982718156,34.59132675636571,47.039358252744485],[135.499820625183,34.59134044641972,47.03944993717125],[135.49984269747006,34.59129546078734,47.03971670321307]]],[[[135.49984269747006,34.59129546078734,47.03971670321307],[135.499820625183,34.59134044641972,47.03944993717125],[135.499820625183,34.59134044641972,53.52834993717125],[135.49984269747006,34.59129546078734,53.52861670321307],[135.49984269747006,34.59129546078734,47.03971670321307]]],[[[135.499820625183,34.59134044641972,47.03944993717125],[135.49977982718156,34.59132675636571,47.039358252744485],[135.49977982718156,34.59132675636571,53.528258252744486],[135.499820625183,34.59134044641972,53.52834993717125],[135.499820625183,34.59134044641972,47.03944993717125]]],[[[135.49977982718156,34.59132675636571,47.039358252744485],[135.49980466527694,34.591275020662565,47.03966304990709],[135.49980466527694,34.591275020662565,53.52856304990709],[135.49977982718156,34.59132675636571,53.528258252744486],[135.49977982718156,34.59132675636571,47.039358252744485]]],[[[135.49980466527694,34.591275020662565,47.03966304990709],[135.49984544975112,34.59129096445774,47.039745354328495],[135.49984544975112,34.59129096445774,53.528645354328496],[135.49980466527694,34.591275020662565,53.52856304990709],[135.49980466527694,34.591275020662565,47.03966304990709]]],[[[135.49984544975112,34.59129096445774,47.039745354328495],[135.49984269747006,34.59129546078734,47.03971670321307],[135.49984269747006,34.59129546078734,53.52861670321307],[135.49984544975112,34.59129096445774,53.528645354328496],[135.49984544975112,34.59129096445774,47.039745354328495]]],[[[135.49984269747006,34.59129546078734,53.52861670321307],[135.499820625183,34.59134044641972,53.52834993717125],[135.49977982718156,34.59132675636571,53.528258252744486],[135.49980466527694,34.591275020662565,53.52856304990709],[135.49984544975112,34.59129096445774,53.528645354328496],[135.49984269747006,34.59129546078734,53.52861670321307]]]]},"properties":{"buildingDataQualityAttribute":"{\"appearanceSrcDescLod2\":[\"未作成\"],\"appearanceSrcDescLod3\":[\"未作成\"],\"geometrySrcDescLod0\":[\"公共測量成果又は基本測量成果\"],\"geometrySrcDescLod1\":[\"公共測量成果又は基本測量成果\"],\"geometrySrcDescLod2\":[\"未作成\"],\"geometrySrcDescLod3\":[\"未作成\"],\"lod1HeightType\":\"点群から取得_中央値\",\"publicSurveyDataQualityAttribute\":{\"publicSurveySrcDescLod0\":[\"数値地形図データ\"],\"publicSurveySrcDescLod1\":[\"数値地形図データ\"],\"srcScaleLod0\":\"地図情報レベル2500\",\"srcScaleLod1\":\"地図情報レベル2500\",\"type\":\"uro:PublicSurveyDataQualityAttribute\"},\"thematicSrcDesc\":[\"公共測量成果又は基本測量成果\",\"公共測量成果又は基本測量成果ではない測量成果\",\"都市計画基礎調査\",\"その他のGISデータ\"],\"type\":\"uro:DataQualityAttribute\"}","buildingDetailAttribute":"[{\"basementFirstUsage\":\"不明\",\"basementSecondUsage\":\"不明\",\"buildingRoofEdgeArea\":24.6247124951,\"buildingStructureOrgType\":\"木造\",\"buildingStructureType\":\"木造・土蔵造\",\"detailedUsage\":\"一戸建住宅\",\"groundFloorUsage\":\"不明\",\"secondFloorUsage\":\"不明\",\"specifiedBuildingCoverageRate\":80.0,\"surveyYear\":\"2017\",\"thirdFloorUsage\":\"不明\",\"type\":\"uro:BuildingDetailAttribute\"}]","buildingIDAttribute":"[{\"branchID\":1,\"buildingID\":\"27100-bldg-26788\",\"city\":\"大阪府大阪市住吉区\",\"prefecture\":\"大阪府\",\"type\":\"uro:BuildingIDAttribute\"}]","class":"普通建物","creationDate":"2023-03-22","genericAttribute":"{\"1/2500図郭\":111,\"type\":\"gen:genericAttribute\",\"ユーザーID\":100720,\"区名\":\"住吉区\",\"町丁目名称\":\"山之内５丁目\",\"街区番号\":3,\"計測周辺長\":20.295706276}","id":"bldg_29c10102-3c0e-41f3-9e0e-be15359b944a","keyValuePairAttribute":"[{\"codeValue\":\"住吉区\",\"key\":\"区番号\",\"type\":\"uro:KeyValuePairAttribute\"},{\"codeValue\":\"山之内５丁目\",\"key\":\"住所コード\",\"type\":\"uro:KeyValuePairAttribute\"},{\"codeValue\":\"不明\",\"key\":\"地下２階用途\",\"type\":\"uro:KeyValuePairAttribute\"},{\"codeValue\":\"不明\",\"key\":\"地下１階用途\",\"type\":\"uro:KeyValuePairAttribute\"},{\"codeValue\":\"一戸建住宅\",\"key\":\"地上１階用途\",\"type\":\"uro:KeyValuePairAttribute\"},{\"codeValue\":\"一戸建住宅\",\"key\":\"地上２階用途\",\"type\":\"uro:KeyValuePairAttribute\"},{\"codeValue\":\"不明\",\"key\":\"地上３階用途\",\"type\":\"uro:KeyValuePairAttribute\"}]","measuredHeight":6.5,"storeysAboveGround":2,"type":"bldg:Building","usage":"[\"住宅\"]"},"id":"bldg_29c10102-3c0e-41f3-9e0e-be15359b944a"},{"type":"Feature","geometry":{"type":"MultiPolygon","coordinates":[[[[135.4988226195898,34.591336505091306,46.56943546907111],[135.49881330067777,34.59137070662112,46.56926002002794],[135.4989108894411,34.591388885384845,46.569539787386844],[135.49892020831533,34.59135468384733,46.569715256094426],[135.4988226195898,34.591336505091306,46.56943546907111]]],[[[135.4988226195898,34.591336505091306,46.56943546907111],[135.49892020831533,34.59135468384733,46.569715256094426],[135.49892020831533,34.59135468384733,55.535015256094425],[135.4988226195898,34.591336505091306,55.53473546907111],[135.4988226195898,34.591336505091306,46.56943546907111]]],[[[135.49892020831533,34.59135468384733,46.569715256094426],[135.4989108894411,34.591388885384845,46.569539787386844],[135.4989108894411,34.591388885384845,55.534839787386844],[135.49892020831533,34.59135468384733,55.535015256094425],[135.49892020831533,34.59135468384733,46.569715256094426]]],[[[135.4989108894411,34.591388885384845,46.569539787386844],[135.49881330067777,34.59137070662112,46.56926002002794],[135.49881330067777,34.59137070662112,55.53456002002794],[135.4989108894411,34.591388885384845,55.534839787386844],[135.4989108894411,34.591388885384845,46.569539787386844]]],[[[135.49881330067777,34.59137070662112,46.56926002002794],[135.4988226195898,34.591336505091306,46.56943546907111],[135.4988226195898,34.591336505091306,55.53473546907111],[135.49881330067777,34.59137070662112,55.53456002002794],[135.49881330067777,34.59137070662112,46.56926002002794]]],[[[135.4988226195898,34.591336505091306,55.53473546907111],[135.49892020831533,34.59135468384733,55.535015256094425],[135.4989108894411,34.591388885384845,55.534839787386844],[135.49881330067777,34.59137070662112,55.53456002002794],[135.4988226195898,34.591336505091306,55.53473546907111]]]]},"properties":{"buildingDataQualityAttribute":"{\"appearanceSrcDescLod2\":[\"未作成\"],\"appearanceSrcDescLod3\":[\"未作成\"],\"geometrySrcDescLod0\":[\"公共測量成果又は基本測量成果\"],\"geometrySrcDescLod1\":[\"公共測量成果又は基本測量成果\"],\"geometrySrcDescLod2\":[\"未作成\"],\"geometrySrcDescLod3\":[\"未作成\"],\"lod1HeightType\":\"点群から取得_中央値\",\"publicSurveyDataQualityAttribute\":{\"publicSurveySrcDescLod0\":[\"数値地形図データ\"],\"publicSurveySrcDescLod1\":[\"数値地形図データ\"],\"srcScaleLod0\":\"地図情報レベル2500\",\"srcScaleLod1\":\"地図情報レベル2500\",\"type\":\"uro:PublicSurveyDataQualityAttribute\"},\"thematicSrcDesc\":[\"公共測量成果又は基本測量成果\",\"公共測量成果又は基本測量成果ではない測量成果\",\"都市計画基礎調査\",\"その他のGISデータ\"],\"type\":\"uro:DataQualityAttribute\"}","buildingDetailAttribute":"[{\"basementFirstUsage\":\"不明\",\"basementSecondUsage\":\"不明\",\"buildingRoofEdgeArea\":46.1273734113,\"buildingStructureOrgType\":\"木造\",\"buildingStructureType\":\"木造・土蔵造\",\"detailedUsage\":\"一戸建住宅\",\"groundFloorUsage\":\"不明\",\"secondFloorUsage\":\"不明\",\"specifiedBuildingCoverageRate\":80.0,\"surveyYear\":\"2017\",\"thirdFloorUsage\":\"不明\",\"type\":\"uro:BuildingDetailAttribute\"}]","buildingDisasterRiskAttribute":"[{\"adminType\":\"国\",\"depth\":0.773,\"description\":\"大和川水系大和川\",\"duration\":0.0,\"rank\":\"0.5m以上3m未満\",\"scale\":\"L2（想定最大規模）\",\"type\":\"uro:RiverFloodingRiskAttribute\"}]","buildingIDAttribute":"[{\"branchID\":1,\"buildingID\":\"27100-bldg-26777\",\"city\":\"大阪府大阪市住吉区\",\"prefecture\":\"大阪府\",\"type\":\"uro:BuildingIDAttribute\"}]","class":"普通建物","creationDate":"2023-03-22","genericAttribute":"{\"1/2500図郭\":111,\"type\":\"gen:genericAttribute\",\"ユーザーID\":100717,\"区名\":\"住吉区\",\"町丁目名称\":\"山之内５丁目\",\"街区番号\":6,\"計測周辺長\":29.2900214533}","id":"bldg_433b27ee-b5db-48aa-a9f8-b1ca85bb1d2f","keyValuePairAttribute":"[{\"codeValue\":\"住吉区\",\"key\":\"区番号\",\"type\":\"uro:KeyValuePairAttribute\"},{\"codeValue\":\"山之内５丁目\",\"key\":\"住所コード\",\"type\":\"uro:KeyValuePairAttribute\"},{\"codeValue\":\"不明\",\"key\":\"地下２階用途\",\"type\":\"uro:KeyValuePairAttribute\"},{\"codeValue\":\"不明\",\"key\":\"地下１階用途\",\"type\":\"uro:KeyValuePairAttribute\"},{\"codeValue\":\"一戸建住宅\",\"key\":\"地上１階用途\",\"type\":\"uro:KeyValuePairAttribute\"},{\"codeValue\":\"一戸建住宅\",\"key\":\"地上２階用途\",\"type\":\"uro:KeyValuePairAttribute\"},{\"codeValue\":\"不明\",\"key\":\"地上３階用途\",\"type\":\"uro:KeyValuePairAttribute\"}]","measuredHeight":9.0,"storeysAboveGround":2,"type":"bldg:Building","usage":"[\"住宅\"]"},"id":"bldg_433b27ee-b5db-48aa-a9f8-b1ca85bb1d2f"},{"type":"Feature","geometry":{"type":"MultiPolygon","coordinates":[[[[135.49974305514013,34.5913688870102,47.0777498655044],[135.4996789237875,34.59150141827847,47.076967355631155],[135.4999236273708,34.59154317007232,47.077684267146225],[135.4999594536955,34.591440543377516,47.07824002358248],[135.49974305514013,34.5913688870102,47.0777498655044]]],[[[135.49974305514013,34.5913688870102,47.0777498655044],[135.4999594536955,34.591440543377516,47.07824002358248],[135.4999594536955,34.591440543377516,56.14844002358248],[135.49974305514013,34.5913688870102,56.1479498655044],[135.49974305514013,34.5913688870102,47.0777498655044]]],[[[135.4999594536955,34.591440543377516,47.07824002358248],[135.4999236273708,34.59154317007232,47.077684267146225],[135.4999236273708,34.59154317007232,56.147884267146225],[135.4999594536955,34.591440543377516,56.14844002358248],[135.4999594536955,34.591440543377516,47.07824002358248]]],[[[135.4999236273708,34.59154317007232,47.077684267146225],[135.4996789237875,34.59150141827847,47.076967355631155],[135.4996789237875,34.59150141827847,56.147167355631154],[135.4999236273708,34.59154317007232,56.147884267146225],[135.4999236273708,34.59154317007232,47.077684267146225]]],[[[135.4996789237875,34.59150141827847,47.076967355631155],[135.49974305514013,34.5913688870102,47.0777498655044],[135.49974305514013,34.5913688870102,56.1479498655044],[135.4996789237875,34.59150141827847,56.147167355631154],[135.4996789237875,34.59150141827847,47.076967355631155]]],[[[135.49974305514013,34.5913688870102,56.1479498655044],[135.4999594536955,34.591440543377516,56.14844002358248],[135.4999236273708,34.59154317007232,56.147884267146225],[135.4996789237875,34.59150141827847,56.147167355631154],[135.49974305514013,34.5913688870102,56.1479498655044]]]]},"properties":{"buildingDataQualityAttribute":"{\"appearanceSrcDescLod2\":[\"未作成\"],\"appearanceSrcDescLod3\":[\"未作成\"],\"geometrySrcDescLod0\":[\"公共測量成果又は基本測量成果\"],\"geometrySrcDescLod1\":[\"公共測量成果又は基本測量成果\"],\"geometrySrcDescLod2\":[\"未作成\"],\"geometrySrcDescLod3\":[\"未作成\"],\"lod1HeightType\":\"点群から取得_中央値\",\"publicSurveyDataQualityAttribute\":{\"publicSurveySrcDescLod0\":[\"数値地形図データ\"],\"publicSurveySrcDescLod1\":[\"数値地形図データ\"],\"srcScaleLod0\":\"地図情報レベル2500\",\"srcScaleLod1\":\"地図情報レベル2500\",\"type\":\"uro:PublicSurveyDataQualityAttribute\"},\"thematicSrcDesc\":[\"公共測量成果又は基本測量成果\",\"公共測量成果又は基本測量成果ではない測量成果\",\"都市計画基礎調査\",\"その他のGISデータ\"],\"type\":\"uro:DataQualityAttribute\"}","buildingDetailAttribute":"[{\"basementFirstUsage\":\"不明\",\"basementSecondUsage\":\"不明\",\"buildingRoofEdgeArea\":304.622608774,\"buildingStructureOrgType\":\"木造\",\"buildingStructureType\":\"木造・土蔵造\",\"detailedUsage\":\"一戸建住宅\",\"groundFloorUsage\":\"不明\",\"secondFloorUsage\":\"不明\",\"specifiedBuildingCoverageRate\":80.0,\"surveyYear\":\"2017\",\"thirdFloorUsage\":\"不明\",\"type\":\"uro:BuildingDetailAttribute\"}]","buildingDisasterRiskAttribute":"[{\"adminType\":\"国\",\"depth\":0.387,\"description\":\"大和川水系大和川\",\"duration\":0.0,\"rank\":\"0.5m未満\",\"scale\":\"L2（想定最大規模）\",\"type\":\"uro:RiverFloodingRiskAttribute\"}]","buildingIDAttribute":"[{\"branchID\":1,\"buildingID\":\"27100-bldg-26743\",\"city\":\"大阪府大阪市住吉区\",\"prefecture\":\"大阪府\",\"type\":\"uro:BuildingIDAttribute\"}]","class":"普通建物","creationDate":"2023-03-22","genericAttribute":"{\"1/2500図郭\":111,\"type\":\"gen:genericAttribute\",\"ユーザーID\":100710,\"区名\":\"住吉区\",\"町丁目名称\":\"山之内５丁目\",\"街区番号\":3,\"計測周辺長\":71.9833022617}","id":"bldg_b8e92b1f-3c4d-4999-928b-173a11f38056","keyValuePairAttribute":"[{\"codeValue\":\"住吉区\",\"key\":\"区番号\",\"type\":\"uro:KeyValuePairAttribute\"},{\"codeValue\":\"山之内５丁目\",\"key\":\"住所コード\",\"type\":\"uro:KeyValuePairAttribute\"},{\"codeValue\":\"不明\",\"key\":\"地下２階用途\",\"type\":\"uro:KeyValuePairAttribute\"},{\"codeValue\":\"不明\",\"key\":\"地下１階用途\",\"type\":\"uro:KeyValuePairAttribute\"},{\"codeValue\":\"一戸建住宅\",\"key\":\"地上１階用途\",\"type\":\"uro:KeyValuePairAttribute\"},{\"codeValue\":\"一戸建住宅\",\"key\":\"地上２階用途\",\"type\":\"uro:KeyValuePairAttribute\"},{\"codeValue\":\"不明\",\"key\":\"地上３階用途\",\"type\":\"uro:KeyValuePairAttribute\"}]","measuredHeight":9.1,"storeysAboveGround":2,"type":"bldg:Building","usage":"[\"住宅\"]"},"id":"bldg_b8e92b1f-3c4d-4999-928b-173a11f38056"},{"type":"Feature","geometry":{"type":"MultiPolygon","coordinates":[[[[135.4987658808022,34.59154479407115,46.23416708783873],[135.49875531330528,34.5915835882283,46.233968117116106],[135.49887584583132,34.59160604431956,46.23431349043487],[135.49888641332944,34.59156724113666,46.23451252621706],[135.4987658808022,34.59154479407115,46.23416708783873]]],[[[135.4987658808022,34.59154479407115,46.23416708783873],[135.49888641332944,34.59156724113666,46.23451252621706],[135.49888641332944,34.59156724113666,53.90401252622706],[135.4987658808022,34.59154479407115,53.90366708784873],[135.4987658808022,34.59154479407115,46.23416708783873]]],[[[135.49888641332944,34.59156724113666,46.23451252621706],[135.49887584583132,34.59160604431956,46.23431349043487],[135.49887584583132,34.59160604431956,53.903813490444875],[135.49888641332944,34.59156724113666,53.90401252622706],[135.49888641332944,34.59156724113666,46.23451252621706]]],[[[135.49887584583132,34.59160604431956,46.23431349043487],[135.49875531330528,34.5915835882283,46.233968117116106],[135.49875531330528,34.5915835882283,53.90346811712611],[135.49887584583132,34.59160604431956,53.903813490444875],[135.49887584583132,34.59160604431956,46.23431349043487]]],[[[135.49875531330528,34.5915835882283,46.233968117116106],[135.4987658808022,34.59154479407115,46.23416708783873],[135.4987658808022,34.59154479407115,53.90366708784873],[135.49875531330528,34.5915835882283,53.90346811712611],[135.49875531330528,34.5915835882283,46.233968117116106]]],[[[135.4987658808022,34.59154479407115,53.90366708784873],[135.49888641332944,34.59156724113666,53.90401252622706],[135.49887584583132,34.59160604431956,53.903813490444875],[135.49875531330528,34.5915835882283,53.90346811712611],[135.4987658808022,34.59154479407115,53.90366708784873]]]]},"properties":{"buildingDataQualityAttribute":"{\"appearanceSrcDescLod2\":[\"未作成\"],\"appearanceSrcDescLod3\":[\"未作成\"],\"geometrySrcDescLod0\":[\"公共測量成果又は基本測量成果\"],\"geometrySrcDescLod1\":[\"公共測量成果又は基本測量成果\"],\"geometrySrcDescLod2\":[\"未作成\"],\"geometrySrcDescLod3\":[\"未作成\"],\"lod1HeightType\":\"点群から取得_中央値\",\"publicSurveyDataQualityAttribute\":{\"publicSurveySrcDescLod0\":[\"数値地形図データ\"],\"publicSurveySrcDescLod1\":[\"数値地形図データ\"],\"srcScaleLod0\":\"地図情報レベル2500\",\"srcScaleLod1\":\"地図情報レベル2500\",\"type\":\"uro:PublicSurveyDataQualityAttribute\"},\"thematicSrcDesc\":[\"公共測量成果又は基本測量成果\",\"公共測量成果又は基本測量成果ではない測量成果\",\"都市計画基礎調査\",\"その他のGISデータ\"],\"type\":\"uro:DataQualityAttribute\"}","buildingDetailAttribute":"[{\"basementFirstUsage\":\"不明\",\"basementSecondUsage\":\"不明\",\"buildingRoofEdgeArea\":44.1957926312,\"buildingStructureOrgType\":\"木造\",\"buildingStructureType\":\"木造・土蔵造\",\"detailedUsage\":\"一戸建住宅\",\"groundFloorUsage\":\"不明\",\"secondFloorUsage\":\"不明\",\"specifiedBuildingCoverageRate\":80.0,\"surveyYear\":\"2017\",\"thirdFloorUsage\":\"不明\",\"type\":\"uro:BuildingDetailAttribute\"}]","buildingDisasterRiskAttribute":"[{\"adminType\":\"国\",\"depth\":1.171,\"description\":\"大和川水系大和川\",\"duration\":0.0,\"rank\":\"0.5m以上3m未満\",\"scale\":\"L2（想定最大規模）\",\"type\":\"uro:RiverFloodingRiskAttribute\"}]","buildingIDAttribute":"[{\"branchID\":1,\"buildingID\":\"27100-bldg-26717\",\"city\":\"大阪府大阪市住吉区\",\"prefecture\":\"大阪府\",\"type\":\"uro:BuildingIDAttribute\"}]","class":"普通建物","creationDate":"2023-03-22","genericAttribute":"{\"1/2500図郭\":111,\"type\":\"gen:genericAttribute\",\"ユーザーID\":100701,\"区名\":\"住吉区\",\"町丁目名称\":\"山之内５丁目\",\"街区番号\":6,\"計測周辺長\":27.0254143909}","id":"bldg_c669538d-ad1d-4e96-a949-d4ea61299003","keyValuePairAttribute":"[{\"codeValue\":\"住吉区\",\"key\":\"区番号\",\"type\":\"uro:KeyValuePairAttribute\"},{\"codeValue\":\"山之内５丁目\",\"key\":\"住所コード\",\"type\":\"uro:KeyValuePairAttribute\"},{\"codeValue\":\"不明\",\"key\":\"地下２階用途\",\"type\":\"uro:KeyValuePairAttribute\"},{\"codeValue\":\"不明\",\"key\":\"地下１階用途\",\"type\":\"uro:KeyValuePairAttribute\"},{\"codeValue\":\"一戸建住宅\",\"key\":\"地上１階用途\",\"type\":\"uro:KeyValuePairAttribute\"},{\"codeValue\":\"一戸建住宅\",\"key\":\"地上２階用途\",\"type\":\"uro:KeyValuePairAttribute\"},{\"codeValue\":\"不明\",\"key\":\"地上３階用途\",\"type\":\"uro:KeyValuePairAttribute\"}]","measuredHeight":7.7,"storeysAboveGround":2,"type":"bldg:Building","usage":"[\"住宅\"]"},"id":"bldg_c669538d-ad1d-4e96-a949-d4ea61299003"},{"type":"Feature","geometry":{"type":"MultiPolygon","coordinates":[[[[135.49939159035367,34.590515196436485,46.46970744657095],[135.49943123947637,34.59043209449963,46.470196141362905],[135.4992996409543,34.590387934490046,46.469899529746996],[135.4992697680469,34.590393978331775,46.46976564326302],[135.49923559419724,34.59046458955753,46.46934869841745],[135.49939159035367,34.590515196436485,46.46970744657095]]],[[[135.49939159035367,34.590515196436485,46.46970744657095],[135.49923559419724,34.59046458955753,46.46934869841745],[135.49923559419724,34.59046458955753,53.69984869841744],[135.49939159035367,34.590515196436485,53.70020744657096],[135.49939159035367,34.590515196436485,46.46970744657095]]],[[[135.49923559419724,34.59046458955753,46.46934869841745],[135.4992697680469,34.590393978331775,46.46976564326302],[135.4992697680469,34.590393978331775,53.70026564326301],[135.49923559419724,34.59046458955753,53.69984869841744],[135.49923559419724,34.59046458955753,46.46934869841745]]],[[[135.4992697680469,34.590393978331775,46.46976564326302],[135.4992996409543,34.590387934490046,46.469899529746996],[135.4992996409543,34.590387934490046,53.70039952974699],[135.4992697680469,34.590393978331775,53.70026564326301],[135.4992697680469,34.590393978331775,46.46976564326302]]],[[[135.4992996409543,34.590387934490046,46.469899529746996],[135.49943123947637,34.59043209449963,46.470196141362905],[135.49943123947637,34.59043209449963,53.7006961413629],[135.4992996409543,34.590387934490046,53.70039952974699],[135.4992996409543,34.590387934490046,46.469899529746996]]],[[[135.49943123947637,34.59043209449963,46.470196141362905],[135.49939159035367,34.590515196436485,46.46970744657095],[135.49939159035367,34.590515196436485,53.70020744657096],[135.49943123947637,34.59043209449963,53.7006961413629],[135.49943123947637,34.59043209449963,46.470196141362905]]],[[[135.49939159035367,34.590515196436485,53.70020744657096],[135.49923559419724,34.59046458955753,53.69984869841744],[135.4992697680469,34.590393978331775,53.70026564326301],[135.4992996409543,34.590387934490046,53.70039952974699],[135.49943123947637,34.59043209449963,53.7006961413629],[135.49939159035367,34.590515196436485,53.70020744657096]]]]},"properties":{"buildingDataQualityAttribute":"{\"appearanceSrcDescLod2\":[\"未作成\"],\"appearanceSrcDescLod3\":[\"未作成\"],\"geometrySrcDescLod0\":[\"公共測量成果又は基本測量成果\"],\"geometrySrcDescLod1\":[\"公共測量成果又は基本測量成果\"],\"geometrySrcDescLod2\":[\"未作成\"],\"geometrySrcDescLod3\":[\"未作成\"],\"lod1HeightType\":\"点群から取得_中央値\",\"publicSurveyDataQualityAttribute\":{\"publicSurveySrcDescLod0\":[\"数値地形図データ\"],\"publicSurveySrcDescLod1\":[\"数値地形図データ\"],\"srcScaleLod0\":\"地図情報レベル2500\",\"srcScaleLod1\":\"地図情報レベル2500\",\"type\":\"uro:PublicSurveyDataQualityAttribute\"},\"thematicSrcDesc\":[\"公共測量成果又は基本測量成果\",\"公共測量成果又は基本測量成果ではない測量成果\",\"都市計画基礎調査\",\"その他のGISデータ\"],\"type\":\"uro:DataQualityAttribute\"}","buildingDetailAttribute":"[{\"basementFirstUsage\":\"不明\",\"basementSecondUsage\":\"不明\",\"buildingRoofEdgeArea\":39.5047495621,\"buildingStructureOrgType\":\"木造\",\"buildingStructureType\":\"木造・土蔵造\",\"detailedUsage\":\"長屋建住宅\",\"groundFloorUsage\":\"不明\",\"secondFloorUsage\":\"不明\",\"specifiedBuildingCoverageRate\":80.0,\"surveyYear\":\"2017\",\"thirdFloorUsage\":\"不明\",\"type\":\"uro:BuildingDetailAttribute\"}]","buildingDisasterRiskAttribute":"[{\"adminType\":\"国\",\"depth\":0.235,\"description\":\"大和川水系大和川\",\"rank\":\"0.5m未満\",\"scale\":\"L1（計画規模）\",\"type\":\"uro:RiverFloodingRiskAttribute\"},{\"adminType\":\"国\",\"depth\":0.947,\"description\":\"大和川水系大和川\",\"duration\":4.0,\"rank\":\"0.5m以上3m未満\",\"scale\":\"L2（想定最大規模）\",\"type\":\"uro:RiverFloodingRiskAttribute\"}]","buildingIDAttribute":"[{\"branchID\":1,\"buildingID\":\"27100-bldg-26960\",\"city\":\"大阪府大阪市住吉区\",\"prefecture\":\"大阪府\",\"type\":\"uro:BuildingIDAttribute\"}]","class":"普通建物","creationDate":"2023-03-22","genericAttribute":"{\"1/2500図郭\":111,\"type\":\"gen:genericAttribute\",\"ユーザーID\":100783,\"区名\":\"住吉区\",\"町丁目名称\":\"山之内５丁目\",\"街区番号\":3,\"計測周辺長\":27.9242486101}","id":"bldg_059ff564-97be-4349-b012-6e1bd7eafeae","keyValuePairAttribute":"[{\"codeValue\":\"住吉区\",\"key\":\"区番号\",\"type\":\"uro:KeyValuePairAttribute\"},{\"codeValue\":\"山之内５丁目\",\"key\":\"住所コード\",\"type\":\"uro:KeyValuePairAttribute\"},{\"codeValue\":\"不明\",\"key\":\"地下２階用途\",\"type\":\"uro:KeyValuePairAttribute\"},{\"codeValue\":\"不明\",\"key\":\"地下１階用途\",\"type\":\"uro:KeyValuePairAttribute\"},{\"codeValue\":\"長屋建住宅\",\"key\":\"地上１階用途\",\"type\":\"uro:KeyValuePairAttribute\"},{\"codeValue\":\"長屋建住宅\",\"key\":\"地上２階用途\",\"type\":\"uro:KeyValuePairAttribute\"},{\"codeValue\":\"不明\",\"key\":\"地上３階用途\",\"type\":\"uro:KeyValuePairAttribute\"}]","measuredHeight":7.2,"storeysAboveGround":2,"type":"bldg:Building","usage":"[\"住宅\"]"},"id":"bldg_059ff564-97be-4349-b012-6e1bd7eafeae"},{"type":"Feature","geometry":{"type":"MultiPolygon","coordinates":[[[[135.499908203691,34.59036941536378,46.50739388944509],[135.49981991554395,34.59054935795048,46.50632631930514],[135.49991782177577,34.59058356627148,46.506541178809805],[135.50000883498922,34.590403634779015,46.50761766365966],[135.499908203691,34.59036941536378,46.50739388944509]]],[[[135.499908203691,34.59036941536378,46.50739388944509],[135.50000883498922,34.590403634779015,46.50761766365966],[135.50000883498922,34.590403634779015,52.84291766365966],[135.499908203691,34.59036941536378,52.84269388944509],[135.499908203691,34.59036941536378,46.50739388944509]]],[[[135.50000883498922,34.590403634779015,46.50761766365966],[135.49991782177577,34.59058356627148,46.506541178809805],[135.49991782177577,34.59058356627148,52.8418411788098],[135.50000883498922,34.590403634779015,52.84291766365966],[135.50000883498922,34.590403634779015,46.50761766365966]]],[[[135.49991782177577,34.59058356627148,46.506541178809805],[135.49981991554395,34.59054935795048,46.50632631930514],[135.49981991554395,34.59054935795048,52.841626319305135],[135.49991782177577,34.59058356627148,52.8418411788098],[135.49991782177577,34.59058356627148,46.506541178809805]]],[[[135.49981991554395,34.59054935795048,46.50632631930514],[135.499908203691,34.59036941536378,46.50739388944509],[135.499908203691,34.59036941536378,52.84269388944509],[135.49981991554395,34.59054935795048,52.841626319305135],[135.49981991554395,34.59054935795048,46.50632631930514]]],[[[135.499908203691,34.59036941536378,52.84269388944509],[135.50000883498922,34.590403634779015,52.84291766365966],[135.49991782177577,34.59058356627148,52.8418411788098],[135.49981991554395,34.59054935795048,52.841626319305135],[135.499908203691,34.59036941536378,52.84269388944509]]]]},"properties":{"buildingDataQualityAttribute":"{\"appearanceSrcDescLod2\":[\"未作成\"],\"appearanceSrcDescLod3\":[\"未作成\"],\"geometrySrcDescLod0\":[\"公共測量成果又は基本測量成果\"],\"geometrySrcDescLod1\":[\"公共測量成果又は基本測量成果\"],\"geometrySrcDescLod2\":[\"未作成\"],\"geometrySrcDescLod3\":[\"未作成\"],\"lod1HeightType\":\"点群から取得_中央値\",\"publicSurveyDataQualityAttribute\":{\"publicSurveySrcDescLod0\":[\"数値地形図データ\"],\"publicSurveySrcDescLod1\":[\"数値地形図データ\"],\"srcScaleLod0\":\"地図情報レベル2500\",\"srcScaleLod1\":\"地図情報レベル2500\",\"type\":\"uro:PublicSurveyDataQualityAttribute\"},\"thematicSrcDesc\":[\"公共測量成果又は基本測量成果\",\"公共測量成果又は基本測量成果ではない測量成果\",\"都市計画基礎調査\",\"その他のGISデータ\"],\"type\":\"uro:DataQualityAttribute\"}","buildingDetailAttribute":"[{\"basementFirstUsage\":\"不明\",\"basementSecondUsage\":\"不明\",\"buildingRoofEdgeArea\":39.8467224552,\"buildingStructureOrgType\":\"木造\",\"buildingStructureType\":\"木造・土蔵造\",\"detailedUsage\":\"長屋建住宅\",\"groundFloorUsage\":\"不明\",\"secondFloorUsage\":\"不明\",\"specifiedBuildingCoverageRate\":80.0,\"surveyYear\":\"2017\",\"thirdFloorUsage\":\"不明\",\"type\":\"uro:BuildingDetailAttribute\"}]","buildingDisasterRiskAttribute":"[{\"adminType\":\"国\",\"depth\":0.356,\"description\":\"大和川水系大和川\",\"rank\":\"0.5m未満\",\"scale\":\"L1（計画規模）\",\"type\":\"uro:RiverFloodingRiskAttribute\"},{\"adminType\":\"国\",\"depth\":0.915,\"description\":\"大和川水系大和川\",\"duration\":4.25,\"rank\":\"0.5m以上3m未満\",\"scale\":\"L2（想定最大規模）\",\"type\":\"uro:RiverFloodingRiskAttribute\"}]","buildingIDAttribute":"[{\"branchID\":1,\"buildingID\":\"27100-bldg-26941\",\"city\":\"大阪府大阪市住吉区\",\"prefecture\":\"大阪府\",\"type\":\"uro:BuildingIDAttribute\"}]","class":"普通建物","creationDate":"2023-03-22","genericAttribute":"{\"1/2500図郭\":111,\"type\":\"gen:genericAttribute\",\"ユーザーID\":100785,\"区名\":\"住吉区\",\"町丁目名称\":\"山之内５丁目\",\"街区番号\":3,\"計測周辺長\":27.8779254266}","id":"bldg_ebe14452-8b50-4387-848f-923e94bd3d21","keyValuePairAttribute":"[{\"codeValue\":\"住吉区\",\"key\":\"区番号\",\"type\":\"uro:KeyValuePairAttribute\"},{\"codeValue\":\"山之内５丁目\",\"key\":\"住所コード\",\"type\":\"uro:KeyValuePairAttribute\"},{\"codeValue\":\"不明\",\"key\":\"地下２階用途\",\"type\":\"uro:KeyValuePairAttribute\"},{\"codeValue\":\"不明\",\"key\":\"地下１階用途\",\"type\":\"uro:KeyValuePairAttribute\"},{\"codeValue\":\"長屋建住宅\",\"key\":\"地上１階用途\",\"type\":\"uro:KeyValuePairAttribute\"},{\"codeValue\":\"長屋建住宅\",\"key\":\"地上２階用途\",\"type\":\"uro:KeyValuePairAttribute\"},{\"codeValue\":\"不明\",\"key\":\"地上３階用途\",\"type\":\"uro:KeyValuePairAttribute\"}]","measuredHeight":6.3,"storeysAboveGround":2,"type":"bldg:Building","usage":"[\"住宅\"]"},"id":"bldg_ebe14452-8b50-4387-848f-923e94bd3d21"},{"type":"Feature","geometry":{"type":"MultiPolygon","coordinates":[[[[135.49906560911708,34.59083728430482,46.601686338225875],[135.49904026944404,34.59088716968066,46.60138754601434],[135.4993547270177,34.59099637232136,46.60208012884956],[135.4993800665917,34.59094647786476,46.60237903893293],[135.49906560911708,34.59083728430482,46.601686338225875]]],[[[135.49906560911708,34.59083728430482,46.601686338225875],[135.4993800665917,34.59094647786476,46.60237903893293],[135.4993800665917,34.59094647786476,49.838379038932935],[135.49906560911708,34.59083728430482,49.83768633822588],[135.49906560911708,34.59083728430482,46.601686338225875]]],[[[135.4993800665917,34.59094647786476,46.60237903893293],[135.4993547270177,34.59099637232136,46.60208012884956],[135.4993547270177,34.59099637232136,49.83808012884956],[135.4993800665917,34.59094647786476,49.838379038932935],[135.4993800665917,34.59094647786476,46.60237903893293]]],[[[135.4993547270177,34.59099637232136,46.60208012884956],[135.49904026944404,34.59088716968066,46.60138754601434],[135.49904026944404,34.59088716968066,49.83738754601434],[135.4993547270177,34.59099637232136,49.83808012884956],[135.4993547270177,34.59099637232136,46.60208012884956]]],[[[135.49904026944404,34.59088716968066,46.60138754601434],[135.49906560911708,34.59083728430482,46.601686338225875],[135.49906560911708,34.59083728430482,49.83768633822588],[135.49904026944404,34.59088716968066,49.83738754601434],[135.49904026944404,34.59088716968066,46.60138754601434]]],[[[135.49906560911708,34.59083728430482,49.83768633822588],[135.4993800665917,34.59094647786476,49.838379038932935],[135.4993547270177,34.59099637232136,49.83808012884956],[135.49904026944404,34.59088716968066,49.83738754601434],[135.49906560911708,34.59083728430482,49.83768633822588]]]]},"properties":{"buildingDataQualityAttribute":"{\"appearanceSrcDescLod2\":[\"未作成\"],\"appearanceSrcDescLod3\":[\"未作成\"],\"geometrySrcDescLod0\":[\"公共測量成果又は基本測量成果\"],\"geometrySrcDescLod1\":[\"公共測量成果又は基本測量成果\"],\"geometrySrcDescLod2\":[\"未作成\"],\"geometrySrcDescLod3\":[\"未作成\"],\"lod1HeightType\":\"点群から取得_中央値\",\"publicSurveyDataQualityAttribute\":{\"publicSurveySrcDescLod0\":[\"数値地形図データ\"],\"publicSurveySrcDescLod1\":[\"数値地形図データ\"],\"srcScaleLod0\":\"地図情報レベル2500\",\"srcScaleLod1\":\"地図情報レベル2500\",\"type\":\"uro:PublicSurveyDataQualityAttribute\"},\"thematicSrcDesc\":[\"公共測量成果又は基本測量成果\",\"公共測量成果又は基本測量成果ではない測量成果\",\"都市計画基礎調査\",\"その他のGISデータ\"],\"type\":\"uro:DataQualityAttribute\"}","buildingDetailAttribute":"[{\"basementFirstUsage\":\"不明\",\"basementSecondUsage\":\"不明\",\"buildingRoofEdgeArea\":275.14077246,\"buildingStructureOrgType\":\"木造\",\"buildingStructureType\":\"木造・土蔵造\",\"detailedUsage\":\"車庫\",\"groundFloorUsage\":\"不明\",\"secondFloorUsage\":\"不明\",\"specifiedBuildingCoverageRate\":80.0,\"surveyYear\":\"2017\",\"thirdFloorUsage\":\"不明\",\"type\":\"uro:BuildingDetailAttribute\"}]","buildingDisasterRiskAttribute":"[{\"adminType\":\"国\",\"depth\":0.07,\"description\":\"大和川水系大和川\",\"rank\":\"0.5m未満\",\"scale\":\"L1（計画規模）\",\"type\":\"uro:RiverFloodingRiskAttribute\"},{\"adminType\":\"国\",\"depth\":0.575,\"description\":\"大和川水系大和川\",\"duration\":2.5333,\"rank\":\"0.5m以上3m未満\",\"scale\":\"L2（想定最大規模）\",\"type\":\"uro:RiverFloodingRiskAttribute\"}]","buildingIDAttribute":"[{\"branchID\":1,\"buildingID\":\"27100-bldg-26854\",\"city\":\"大阪府大阪市住吉区\",\"prefecture\":\"大阪府\",\"type\":\"uro:BuildingIDAttribute\"}]","class":"普通建物","creationDate":"2023-03-22","genericAttribute":"{\"1/2500図郭\":111,\"type\":\"gen:genericAttribute\",\"ユーザーID\":100725,\"区名\":\"住吉区\",\"町丁目名称\":\"山之内５丁目\",\"街区番号\":3,\"計測周辺長\":85.9971499817}","id":"bldg_06bcc6cb-20a1-48b9-80fd-2668885f0529","keyValuePairAttribute":"[{\"codeValue\":\"住吉区\",\"key\":\"区番号\",\"type\":\"uro:KeyValuePairAttribute\"},{\"codeValue\":\"山之内５丁目\",\"key\":\"住所コード\",\"type\":\"uro:KeyValuePairAttribute\"},{\"codeValue\":\"不明\",\"key\":\"地下２階用途\",\"type\":\"uro:KeyValuePairAttribute\"},{\"codeValue\":\"不明\",\"key\":\"地下１階用途\",\"type\":\"uro:KeyValuePairAttribute\"},{\"codeValue\":\"車庫\",\"key\":\"地上１階用途\",\"type\":\"uro:KeyValuePairAttribute\"},{\"codeValue\":\"不明\",\"key\":\"地上２階用途\",\"type\":\"uro:KeyValuePairAttribute\"},{\"codeValue\":\"不明\",\"key\":\"地上３階用途\",\"type\":\"uro:KeyValuePairAttribute\"}]","measuredHeight":3.2,"storeysAboveGround":1,"type":"bldg:Building","usage":"[\"運輸倉庫施設\"]"},"id":"bldg_06bcc6cb-20a1-48b9-80fd-2668885f0529"},{"type":"Feature","geometry":{"type":"MultiPolygon","coordinates":[[[[135.49964484632412,34.59036854321476,46.716237804208205],[135.4996775241129,34.59030193751131,46.71663289856703],[135.4995137960172,34.59024604792148,46.7162677375926],[135.4994781585386,34.59031536403894,46.71585068489671],[135.49964484632412,34.59036854321476,46.716237804208205]]],[[[135.49964484632412,34.59036854321476,46.716237804208205],[135.4994781585386,34.59031536403894,46.71585068489671],[135.4994781585386,34.59031536403894,54.00135068490671],[135.49964484632412,34.59036854321476,54.00173780421821],[135.49964484632412,34.59036854321476,46.716237804208205]]],[[[135.4994781585386,34.59031536403894,46.71585068489671],[135.4995137960172,34.59024604792148,46.7162677375926],[135.4995137960172,34.59024604792148,54.0017677376026],[135.4994781585386,34.59031536403894,54.00135068490671],[135.4994781585386,34.59031536403894,46.71585068489671]]],[[[135.4995137960172,34.59024604792148,46.7162677375926],[135.4996775241129,34.59030193751131,46.71663289856703],[135.4996775241129,34.59030193751131,54.002132898577024],[135.4995137960172,34.59024604792148,54.0017677376026],[135.4995137960172,34.59024604792148,46.7162677375926]]],[[[135.4996775241129,34.59030193751131,46.71663289856703],[135.49964484632412,34.59036854321476,46.716237804208205],[135.49964484632412,34.59036854321476,54.00173780421821],[135.4996775241129,34.59030193751131,54.002132898577024],[135.4996775241129,34.59030193751131,46.71663289856703]]],[[[135.49964484632412,34.59036854321476,54.00173780421821],[135.4994781585386,34.59031536403894,54.00135068490671],[135.4995137960172,34.59024604792148,54.0017677376026],[135.4996775241129,34.59030193751131,54.002132898577024],[135.49964484632412,34.59036854321476,54.00173780421821]]]]},"properties":{"buildingDataQualityAttribute":"{\"appearanceSrcDescLod2\":[\"未作成\"],\"appearanceSrcDescLod3\":[\"未作成\"],\"geometrySrcDescLod0\":[\"公共測量成果又は基本測量成果\"],\"geometrySrcDescLod1\":[\"公共測量成果又は基本測量成果\"],\"geometrySrcDescLod2\":[\"未作成\"],\"geometrySrcDescLod3\":[\"未作成\"],\"lod1HeightType\":\"点群から取得_中央値\",\"publicSurveyDataQualityAttribute\":{\"publicSurveySrcDescLod0\":[\"数値地形図データ\"],\"publicSurveySrcDescLod1\":[\"数値地形図データ\"],\"srcScaleLod0\":\"地図情報レベル2500\",\"srcScaleLod1\":\"地図情報レベル2500\",\"type\":\"uro:PublicSurveyDataQualityAttribute\"},\"thematicSrcDesc\":[\"公共測量成果又は基本測量成果\",\"公共測量成果又は基本測量成果ではない測量成果\",\"都市計画基礎調査\",\"その他のGISデータ\"],\"type\":\"uro:DataQualityAttribute\"}","buildingDetailAttribute":"[{\"basementFirstUsage\":\"不明\",\"basementSecondUsage\":\"不明\",\"buildingRoofEdgeArea\":38.9748844314,\"buildingStructureOrgType\":\"木造\",\"buildingStructureType\":\"木造・土蔵造\",\"detailedUsage\":\"長屋建住宅\",\"groundFloorUsage\":\"不明\",\"secondFloorUsage\":\"不明\",\"specifiedBuildingCoverageRate\":80.0,\"surveyYear\":\"2017\",\"thirdFloorUsage\":\"不明\",\"type\":\"uro:BuildingDetailAttribute\"}]","buildingDisasterRiskAttribute":"[{\"adminType\":\"国\",\"depth\":0.173,\"description\":\"大和川水系大和川\",\"rank\":\"0.5m未満\",\"scale\":\"L1（計画規模）\",\"type\":\"uro:RiverFloodingRiskAttribute\"},{\"adminType\":\"国\",\"depth\":0.847,\"description\":\"大和川水系大和川\",\"duration\":4.8667,\"rank\":\"0.5m以上3m未満\",\"scale\":\"L2（想定最大規模）\",\"type\":\"uro:RiverFloodingRiskAttribute\"}]","buildingIDAttribute":"[{\"branchID\":1,\"buildingID\":\"27100-bldg-26993\",\"city\":\"大阪府大阪市住吉区\",\"prefecture\":\"大阪府\",\"type\":\"uro:BuildingIDAttribute\"}]","class":"普通建物","creationDate":"2023-03-22","genericAttribute":"{\"1/2500図郭\":111,\"type\":\"gen:genericAttribute\",\"ユーザーID\":100814,\"区名\":\"住吉区\",\"町丁目名称\":\"山之内５丁目\",\"街区番号\":3,\"計測周辺長\":25.9184096317}","id":"bldg_854dcdd0-ab7a-444a-8bc5-6fbe056589dd","keyValuePairAttribute":"[{\"codeValue\":\"住吉区\",\"key\":\"区番号\",\"type\":\"uro:KeyValuePairAttribute\"},{\"codeValue\":\"山之内５丁目\",\"key\":\"住所コード\",\"type\":\"uro:KeyValuePairAttribute\"},{\"codeValue\":\"不明\",\"key\":\"地下２階用途\",\"type\":\"uro:KeyValuePairAttribute\"},{\"codeValue\":\"不明\",\"key\":\"地下１階用途\",\"type\":\"uro:KeyValuePairAttribute\"},{\"codeValue\":\"長屋建住宅\",\"key\":\"地上１階用途\",\"type\":\"uro:KeyValuePairAttribute\"},{\"codeValue\":\"長屋建住宅\",\"key\":\"地上２階用途\",\"type\":\"uro:KeyValuePairAttribute\"},{\"codeValue\":\"不明\",\"key\":\"地上３階用途\",\"type\":\"uro:KeyValuePairAttribute\"}]","measuredHeight":7.3,"storeysAboveGround":2,"type":"bldg:Building","usage":"[\"住宅\"]"},"id":"bldg_854dcdd0-ab7a-444a-8bc5-6fbe056589dd"},{"type":"Feature","geometry":{"type":"MultiPolygon","coordinates":[[[[135.4987539533202,34.591588586088584,46.08984248924664],[135.498742828357,34.591629442439604,46.08963296353664],[135.49886123755508,34.591651502169356,46.08997222399905],[135.49887237336463,34.59161064585198,46.090181817667194],[135.4987539533202,34.591588586088584,46.08984248924664]]],[[[135.4987539533202,34.591588586088584,46.08984248924664],[135.49887237336463,34.59161064585198,46.090181817667194],[135.49887237336463,34.59161064585198,53.89378181766719],[135.4987539533202,34.591588586088584,53.89344248924664],[135.4987539533202,34.591588586088584,46.08984248924664]]],[[[135.49887237336463,34.59161064585198,46.090181817667194],[135.49886123755508,34.591651502169356,46.08997222399905],[135.49886123755508,34.591651502169356,53.893572223999044],[135.49887237336463,34.59161064585198,53.89378181766719],[135.49887237336463,34.59161064585198,46.090181817667194]]],[[[135.49886123755508,34.591651502169356,46.08997222399905],[135.498742828357,34.591629442439604,46.08963296353664],[135.498742828357,34.591629442439604,53.89323296353663],[135.49886123755508,34.591651502169356,53.893572223999044],[135.49886123755508,34.591651502169356,46.08997222399905]]],[[[135.498742828357,34.591629442439604,46.08963296353664],[135.4987539533202,34.591588586088584,46.08984248924664],[135.4987539533202,34.591588586088584,53.89344248924664],[135.498742828357,34.591629442439604,53.89323296353663],[135.498742828357,34.591629442439604,46.08963296353664]]],[[[135.4987539533202,34.591588586088584,53.89344248924664],[135.49887237336463,34.59161064585198,53.89378181766719],[135.49886123755508,34.591651502169356,53.893572223999044],[135.498742828357,34.591629442439604,53.89323296353663],[135.4987539533202,34.591588586088584,53.89344248924664]]]]},"properties":{"buildingDataQualityAttribute":"{\"appearanceSrcDescLod2\":[\"未作成\"],\"appearanceSrcDescLod3\":[\"未作成\"],\"geometrySrcDescLod0\":[\"公共測量成果又は基本測量成果\"],\"geometrySrcDescLod1\":[\"公共測量成果又は基本測量成果\"],\"geometrySrcDescLod2\":[\"未作成\"],\"geometrySrcDescLod3\":[\"未作成\"],\"lod1HeightType\":\"点群から取得_中央値\",\"publicSurveyDataQualityAttribute\":{\"publicSurveySrcDescLod0\":[\"数値地形図データ\"],\"publicSurveySrcDescLod1\":[\"数値地形図データ\"],\"srcScaleLod0\":\"地図情報レベル2500\",\"srcScaleLod1\":\"地図情報レベル2500\",\"type\":\"uro:PublicSurveyDataQualityAttribute\"},\"thematicSrcDesc\":[\"公共測量成果又は基本測量成果\",\"公共測量成果又は基本測量成果ではない測量成果\",\"都市計画基礎調査\",\"その他のGISデータ\"],\"type\":\"uro:DataQualityAttribute\"}","buildingDetailAttribute":"[{\"basementFirstUsage\":\"不明\",\"basementSecondUsage\":\"不明\",\"buildingRoofEdgeArea\":40.3137143973,\"buildingStructureOrgType\":\"木造\",\"buildingStructureType\":\"木造・土蔵造\",\"detailedUsage\":\"一戸建住宅\",\"groundFloorUsage\":\"不明\",\"secondFloorUsage\":\"不明\",\"specifiedBuildingCoverageRate\":80.0,\"surveyYear\":\"2017\",\"thirdFloorUsage\":\"不明\",\"type\":\"uro:BuildingDetailAttribute\"}]","buildingDisasterRiskAttribute":"[{\"adminType\":\"国\",\"depth\":1.271,\"description\":\"大和川水系大和川\",\"duration\":0.0,\"rank\":\"0.5m以上3m未満\",\"scale\":\"L2（想定最大規模）\",\"type\":\"uro:RiverFloodingRiskAttribute\"}]","buildingIDAttribute":"[{\"branchID\":1,\"buildingID\":\"27100-bldg-26706\",\"city\":\"大阪府大阪市住吉区\",\"prefecture\":\"大阪府\",\"type\":\"uro:BuildingIDAttribute\"}]","class":"普通建物","creationDate":"2023-03-22","genericAttribute":"{\"1/2500図郭\":111,\"type\":\"gen:genericAttribute\",\"ユーザーID\":100697,\"区名\":\"住吉区\",\"町丁目名称\":\"山之内５丁目\",\"街区番号\":6,\"計測周辺長\":26.0604691751}","id":"bldg_9ea5f657-aea8-4233-8e82-a67fea5d04e6","keyValuePairAttribute":"[{\"codeValue\":\"住吉区\",\"key\":\"区番号\",\"type\":\"uro:KeyValuePairAttribute\"},{\"codeValue\":\"山之内５丁目\",\"key\":\"住所コード\",\"type\":\"uro:KeyValuePairAttribute\"},{\"codeValue\":\"不明\",\"key\":\"地下２階用途\",\"type\":\"uro:KeyValuePairAttribute\"},{\"codeValue\":\"不明\",\"key\":\"地下１階用途\",\"type\":\"uro:KeyValuePairAttribute\"},{\"codeValue\":\"一戸建住宅\",\"key\":\"地上１階用途\",\"type\":\"uro:KeyValuePairAttribute\"},{\"codeValue\":\"一戸建住宅\",\"key\":\"地上２階用途\",\"type\":\"uro:KeyValuePairAttribute\"},{\"codeValue\":\"不明\",\"key\":\"地上３階用途\",\"type\":\"uro:KeyValuePairAttribute\"}]","measuredHeight":7.8,"storeysAboveGround":2,"type":"bldg:Building","usage":"[\"住宅\"]"},"id":"bldg_9ea5f657-aea8-4233-8e82-a67fea5d04e6"},{"type":"Feature","geometry":{"type":"MultiPolygon","coordinates":[[[[135.49960467323012,34.59044144054925,46.80968935691192],[135.4996383510585,34.590377324454295,46.81007774761633],[135.49947204384472,34.59032103297326,46.80970491559418],[135.49943707019855,34.59038471187822,46.80931366869537],[135.49960467323012,34.59044144054925,46.80968935691192]]],[[[135.49960467323012,34.59044144054925,46.80968935691192],[135.49943707019855,34.59038471187822,46.80931366869537],[135.49943707019855,34.59038471187822,53.65091366869537],[135.49960467323012,34.59044144054925,53.65128935691192],[135.49960467323012,34.59044144054925,46.80968935691192]]],[[[135.49943707019855,34.59038471187822,46.80931366869537],[135.49947204384472,34.59032103297326,46.80970491559418],[135.49947204384472,34.59032103297326,53.65130491559418],[135.49943707019855,34.59038471187822,53.65091366869537],[135.49943707019855,34.59038471187822,46.80931366869537]]],[[[135.49947204384472,34.59032103297326,46.80970491559418],[135.4996383510585,34.590377324454295,46.81007774761633],[135.4996383510585,34.590377324454295,53.65167774761633],[135.49947204384472,34.59032103297326,53.65130491559418],[135.49947204384472,34.59032103297326,46.80970491559418]]],[[[135.4996383510585,34.590377324454295,46.81007774761633],[135.49960467323012,34.59044144054925,46.80968935691192],[135.49960467323012,34.59044144054925,53.65128935691192],[135.4996383510585,34.590377324454295,53.65167774761633],[135.4996383510585,34.590377324454295,46.81007774761633]]],[[[135.49960467323012,34.59044144054925,53.65128935691192],[135.49943707019855,34.59038471187822,53.65091366869537],[135.49947204384472,34.59032103297326,53.65130491559418],[135.4996383510585,34.590377324454295,53.65167774761633],[135.49960467323012,34.59044144054925,53.65128935691192]]]]},"properties":{"buildingDataQualityAttribute":"{\"appearanceSrcDescLod2\":[\"未作成\"],\"appearanceSrcDescLod3\":[\"未作成\"],\"geometrySrcDescLod0\":[\"公共測量成果又は基本測量成果\"],\"geometrySrcDescLod1\":[\"公共測量成果又は基本測量成果\"],\"geometrySrcDescLod2\":[\"未作成\"],\"geometrySrcDescLod3\":[\"未作成\"],\"lod1HeightType\":\"点群から取得_中央値\",\"publicSurveyDataQualityAttribute\":{\"publicSurveySrcDescLod0\":[\"数値地形図データ\"],\"publicSurveySrcDescLod1\":[\"数値地形図データ\"],\"srcScaleLod0\":\"地図情報レベル2500\",\"srcScaleLod1\":\"地図情報レベル2500\",\"type\":\"uro:PublicSurveyDataQualityAttribute\"},\"thematicSrcDesc\":[\"公共測量成果又は基本測量成果\",\"公共測量成果又は基本測量成果ではない測量成果\",\"都市計画基礎調査\",\"その他のGISデータ\"],\"type\":\"uro:DataQualityAttribute\"}","buildingDetailAttribute":"[{\"basementFirstUsage\":\"不明\",\"basementSecondUsage\":\"不明\",\"buildingRoofEdgeArea\":36.4125612833,\"buildingStructureOrgType\":\"木造\",\"buildingStructureType\":\"木造・土蔵造\",\"detailedUsage\":\"長屋建住宅\",\"groundFloorUsage\":\"不明\",\"secondFloorUsage\":\"不明\",\"specifiedBuildingCoverageRate\":80.0,\"surveyYear\":\"2017\",\"thirdFloorUsage\":\"不明\",\"type\":\"uro:BuildingDetailAttribute\"}]","buildingDisasterRiskAttribute":"[{\"adminType\":\"国\",\"depth\":0.173,\"description\":\"大和川水系大和川\",\"rank\":\"0.5m未満\",\"scale\":\"L1（計画規模）\",\"type\":\"uro:RiverFloodingRiskAttribute\"},{\"adminType\":\"国\",\"depth\":0.847,\"description\":\"大和川水系大和川\",\"duration\":4.8667,\"rank\":\"0.5m以上3m未満\",\"scale\":\"L2（想定最大規模）\",\"type\":\"uro:RiverFloodingRiskAttribute\"}]","buildingIDAttribute":"[{\"branchID\":1,\"buildingID\":\"27100-bldg-26975\",\"city\":\"大阪府大阪市住吉区\",\"prefecture\":\"大阪府\",\"type\":\"uro:BuildingIDAttribute\"}]","class":"普通建物","creationDate":"2023-03-22","genericAttribute":"{\"1/2500図郭\":111,\"type\":\"gen:genericAttribute\",\"ユーザーID\":100794,\"区名\":\"住吉区\",\"町丁目名称\":\"山之内５丁目\",\"街区番号\":3,\"計測周辺長\":24.9941440388}","id":"bldg_32d1d5e1-f3e9-4960-bf90-e703a79bf491","keyValuePairAttribute":"[{\"codeValue\":\"住吉区\",\"key\":\"区番号\",\"type\":\"uro:KeyValuePairAttribute\"},{\"codeValue\":\"山之内５丁目\",\"key\":\"住所コード\",\"type\":\"uro:KeyValuePairAttribute\"},{\"codeValue\":\"不明\",\"key\":\"地下２階用途\",\"type\":\"uro:KeyValuePairAttribute\"},{\"codeValue\":\"不明\",\"key\":\"地下１階用途\",\"type\":\"uro:KeyValuePairAttribute\"},{\"codeValue\":\"長屋建住宅\",\"key\":\"地上１階用途\",\"type\":\"uro:KeyValuePairAttribute\"},{\"codeValue\":\"長屋建住宅\",\"key\":\"地上２階用途\",\"type\":\"uro:KeyValuePairAttribute\"},{\"codeValue\":\"不明\",\"key\":\"地上３階用途\",\"type\":\"uro:KeyValuePairAttribute\"}]","measuredHeight":6.8,"storeysAboveGround":2,"type":"bldg:Building","usage":"[\"住宅\"]"},"id":"bldg_32d1d5e1-f3e9-4960-bf90-e703a79bf491"},{"type":"Feature","geometry":{"type":"MultiPolygon","coordinates":[[[[135.49983083682258,34.58969468761345,46.92060866627338],[135.49964263968448,34.589634677118006,46.92017073538038],[135.49961521955416,34.58969349719631,46.91982696129398],[135.49964782789007,34.589703899232745,46.91990282271199],[135.49964460322371,34.58971082773231,46.919862348136434],[135.49980018124774,34.58976043619349,46.92022431374887],[135.49983083682258,34.58969468761345,46.92060866627338]]],[[[135.49983083682258,34.58969468761345,46.92060866627338],[135.49980018124774,34.58976043619349,46.92022431374887],[135.49980018124774,34.58976043619349,53.784824313738866],[135.49983083682258,34.58969468761345,53.78520866626338],[135.49983083682258,34.58969468761345,46.92060866627338]]],[[[135.49980018124774,34.58976043619349,46.92022431374887],[135.49964460322371,34.58971082773231,46.919862348136434],[135.49964460322371,34.58971082773231,53.78446234812643],[135.49980018124774,34.58976043619349,53.784824313738866],[135.49980018124774,34.58976043619349,46.92022431374887]]],[[[135.49964460322371,34.58971082773231,46.919862348136434],[135.49964782789007,34.589703899232745,46.91990282271199],[135.49964782789007,34.589703899232745,53.78450282270199],[135.49964460322371,34.58971082773231,53.78446234812643],[135.49964460322371,34.58971082773231,46.919862348136434]]],[[[135.49964782789007,34.589703899232745,46.91990282271199],[135.49961521955416,34.58969349719631,46.91982696129398],[135.49961521955416,34.58969349719631,53.78442696128398],[135.49964782789007,34.589703899232745,53.78450282270199],[135.49964782789007,34.589703899232745,46.91990282271199]]],[[[135.49961521955416,34.58969349719631,46.91982696129398],[135.49964263968448,34.589634677118006,46.92017073538038],[135.49964263968448,34.589634677118006,53.78477073537038],[135.49961521955416,34.58969349719631,53.78442696128398],[135.49961521955416,34.58969349719631,46.91982696129398]]],[[[135.49964263968448,34.589634677118006,46.92017073538038],[135.49983083682258,34.58969468761345,46.92060866627338],[135.49983083682258,34.58969468761345,53.78520866626338],[135.49964263968448,34.589634677118006,53.78477073537038],[135.49964263968448,34.589634677118006,46.92017073538038]]],[[[135.49983083682258,34.58969468761345,53.78520866626338],[135.49980018124774,34.58976043619349,53.784824313738866],[135.49964460322371,34.58971082773231,53.78446234812643],[135.49964782789007,34.589703899232745,53.78450282270199],[135.49961521955416,34.58969349719631,53.78442696128398],[135.49964263968448,34.589634677118006,53.78477073537038],[135.49983083682258,34.58969468761345,53.78520866626338]]]]},"properties":{"buildingDataQualityAttribute":"{\"appearanceSrcDescLod2\":[\"未作成\"],\"appearanceSrcDescLod3\":[\"未作成\"],\"geometrySrcDescLod0\":[\"公共測量成果又は基本測量成果\"],\"geometrySrcDescLod1\":[\"公共測量成果又は基本測量成果\"],\"geometrySrcDescLod2\":[\"未作成\"],\"geometrySrcDescLod3\":[\"未作成\"],\"lod1HeightType\":\"点群から取得_中央値\",\"publicSurveyDataQualityAttribute\":{\"publicSurveySrcDescLod0\":[\"数値地形図データ\"],\"publicSurveySrcDescLod1\":[\"数値地形図データ\"],\"srcScaleLod0\":\"地図情報レベル2500\",\"srcScaleLod1\":\"地図情報レベル2500\",\"type\":\"uro:PublicSurveyDataQualityAttribute\"},\"thematicSrcDesc\":[\"公共測量成果又は基本測量成果\",\"公共測量成果又は基本測量成果ではない測量成果\",\"都市計画基礎調査\",\"その他のGISデータ\"],\"type\":\"uro:DataQualityAttribute\"}","buildingDetailAttribute":"[{\"basementFirstUsage\":\"不明\",\"basementSecondUsage\":\"不明\",\"buildingRoofEdgeArea\":31.8248400096,\"buildingStructureOrgType\":\"木造\",\"buildingStructureType\":\"木造・土蔵造\",\"detailedUsage\":\"長屋建住宅\",\"groundFloorUsage\":\"不明\",\"secondFloorUsage\":\"不明\",\"specifiedBuildingCoverageRate\":80.0,\"surveyYear\":\"2017\",\"thirdFloorUsage\":\"不明\",\"type\":\"uro:BuildingDetailAttribute\"}]","buildingIDAttribute":"[{\"branchID\":1,\"buildingID\":\"27100-bldg-27153\",\"city\":\"大阪府大阪市住吉区\",\"prefecture\":\"大阪府\",\"type\":\"uro:BuildingIDAttribute\"}]","class":"普通建物","creationDate":"2023-03-22","genericAttribute":"{\"1/2500図郭\":111,\"type\":\"gen:genericAttribute\",\"ユーザーID\":101014,\"区名\":\"住吉区\",\"町丁目名称\":\"山之内５丁目\",\"街区番号\":3,\"計測周辺長\":24.9113410482}","id":"bldg_522174d4-4a9f-4b03-8f20-8b98aaf64c87","keyValuePairAttribute":"[{\"codeValue\":\"住吉区\",\"key\":\"区番号\",\"type\":\"uro:KeyValuePairAttribute\"},{\"codeValue\":\"山之内５丁目\",\"key\":\"住所コード\",\"type\":\"uro:KeyValuePairAttribute\"},{\"codeValue\":\"不明\",\"key\":\"地下２階用途\",\"type\":\"uro:KeyValuePairAttribute\"},{\"codeValue\":\"不明\",\"key\":\"地下１階用途\",\"type\":\"uro:KeyValuePairAttribute\"},{\"codeValue\":\"長屋建住宅\",\"key\":\"地上１階用途\",\"type\":\"uro:KeyValuePairAttribute\"},{\"codeValue\":\"長屋建住宅\",\"key\":\"地上２階用途\",\"type\":\"uro:KeyValuePairAttribute\"},{\"codeValue\":\"不明\",\"key\":\"地上３階用途\",\"type\":\"uro:KeyValuePairAttribute\"}]","measuredHeight":6.9,"storeysAboveGround":2,"type":"bldg:Building","usage":"[\"住宅\"]"},"id":"bldg_522174d4-4a9f-4b03-8f20-8b98aaf64c87"},{"type":"Feature","geometry":{"type":"MultiPolygon","coordinates":[[[[135.4996775241129,34.59030193751131,46.530832898577025],[135.49964484632412,34.59036854321476,46.53043780421821],[135.4998016222437,34.59041856227077,46.530801794303486],[135.49983470329326,34.59035559131221,46.531183347283296],[135.4996775241129,34.59030193751131,46.530832898577025]]],[[[135.4996775241129,34.59030193751131,46.530832898577025],[135.49983470329326,34.59035559131221,46.531183347283296],[135.49983470329326,34.59035559131221,53.642483347283296],[135.4996775241129,34.59030193751131,53.642132898577024],[135.4996775241129,34.59030193751131,46.530832898577025]]],[[[135.49983470329326,34.59035559131221,46.531183347283296],[135.4998016222437,34.59041856227077,46.530801794303486],[135.4998016222437,34.59041856227077,53.642101794303485],[135.49983470329326,34.59035559131221,53.642483347283296],[135.49983470329326,34.59035559131221,46.531183347283296]]],[[[135.4998016222437,34.59041856227077,46.530801794303486],[135.49964484632412,34.59036854321476,46.53043780421821],[135.49964484632412,34.59036854321476,53.64173780421821],[135.4998016222437,34.59041856227077,53.642101794303485],[135.4998016222437,34.59041856227077,46.530801794303486]]],[[[135.49964484632412,34.59036854321476,46.53043780421821],[135.4996775241129,34.59030193751131,46.530832898577025],[135.4996775241129,34.59030193751131,53.642132898577024],[135.49964484632412,34.59036854321476,53.64173780421821],[135.49964484632412,34.59036854321476,46.53043780421821]]],[[[135.4996775241129,34.59030193751131,53.642132898577024],[135.49983470329326,34.59035559131221,53.642483347283296],[135.4998016222437,34.59041856227077,53.642101794303485],[135.49964484632412,34.59036854321476,53.64173780421821],[135.4996775241129,34.59030193751131,53.642132898577024]]]]},"properties":{"buildingDataQualityAttribute":"{\"appearanceSrcDescLod2\":[\"未作成\"],\"appearanceSrcDescLod3\":[\"未作成\"],\"geometrySrcDescLod0\":[\"公共測量成果又は基本測量成果\"],\"geometrySrcDescLod1\":[\"公共測量成果又は基本測量成果\"],\"geometrySrcDescLod2\":[\"未作成\"],\"geometrySrcDescLod3\":[\"未作成\"],\"lod1HeightType\":\"点群から取得_中央値\",\"publicSurveyDataQualityAttribute\":{\"publicSurveySrcDescLod0\":[\"数値地形図データ\"],\"publicSurveySrcDescLod1\":[\"数値地形図データ\"],\"srcScaleLod0\":\"地図情報レベル2500\",\"srcScaleLod1\":\"地図情報レベル2500\",\"type\":\"uro:PublicSurveyDataQualityAttribute\"},\"thematicSrcDesc\":[\"公共測量成果又は基本測量成果\",\"公共測量成果又は基本測量成果ではない測量成果\",\"都市計画基礎調査\",\"その他のGISデータ\"],\"type\":\"uro:DataQualityAttribute\"}","buildingDetailAttribute":"[{\"basementFirstUsage\":\"不明\",\"basementSecondUsage\":\"不明\",\"buildingRoofEdgeArea\":30.8655526647,\"buildingStructureOrgType\":\"木造\",\"buildingStructureType\":\"木造・土蔵造\",\"detailedUsage\":\"長屋建住宅\",\"groundFloorUsage\":\"不明\",\"secondFloorUsage\":\"不明\",\"specifiedBuildingCoverageRate\":80.0,\"surveyYear\":\"2017\",\"thirdFloorUsage\":\"不明\",\"type\":\"uro:BuildingDetailAttribute\"}]","buildingDisasterRiskAttribute":"[{\"adminType\":\"国\",\"depth\":0.471,\"description\":\"大和川水系大和川\",\"rank\":\"0.5m未満\",\"scale\":\"L1（計画規模）\",\"type\":\"uro:RiverFloodingRiskAttribute\"},{\"adminType\":\"国\",\"depth\":1.23,\"description\":\"大和川水系大和川\",\"duration\":4.85,\"rank\":\"0.5m以上3m未満\",\"scale\":\"L2（想定最大規模）\",\"type\":\"uro:RiverFloodingRiskAttribute\"}]","buildingIDAttribute":"[{\"branchID\":1,\"buildingID\":\"27100-bldg-26982\",\"city\":\"大阪府大阪市住吉区\",\"prefecture\":\"大阪府\",\"type\":\"uro:BuildingIDAttribute\"}]","class":"普通建物","creationDate":"2023-03-22","genericAttribute":"{\"1/2500図郭\":111,\"type\":\"gen:genericAttribute\",\"ユーザーID\":100800,\"区名\":\"住吉区\",\"町丁目名称\":\"山之内５丁目\",\"街区番号\":3,\"計測周辺長\":23.6431541241}","id":"bldg_d3bf4079-901c-44dc-a589-ab95f5b3f9e1","keyValuePairAttribute":"[{\"codeValue\":\"住吉区\",\"key\":\"区番号\",\"type\":\"uro:KeyValuePairAttribute\"},{\"codeValue\":\"山之内５丁目\",\"key\":\"住所コード\",\"type\":\"uro:KeyValuePairAttribute\"},{\"codeValue\":\"不明\",\"key\":\"地下２階用途\",\"type\":\"uro:KeyValuePairAttribute\"},{\"codeValue\":\"不明\",\"key\":\"地下１階用途\",\"type\":\"uro:KeyValuePairAttribute\"},{\"codeValue\":\"長屋建住宅\",\"key\":\"地上１階用途\",\"type\":\"uro:KeyValuePairAttribute\"},{\"codeValue\":\"長屋建住宅\",\"key\":\"地上２階用途\",\"type\":\"uro:KeyValuePairAttribute\"},{\"codeValue\":\"不明\",\"key\":\"地上３階用途\",\"type\":\"uro:KeyValuePairAttribute\"}]","measuredHeight":7.1,"storeysAboveGround":2,"type":"bldg:Building","usage":"[\"住宅\"]"},"id":"bldg_d3bf4079-901c-44dc-a589-ab95f5b3f9e1"},{"type":"Feature","geometry":{"type":"MultiPolygon","coordinates":[[[[135.49959447963386,34.59048687152399,46.66416397320104],[135.49954986498776,34.59056654269304,46.663671333015195],[135.49970630981258,34.590617290746415,46.6640309319295],[135.49974912673864,34.590537798766086,46.664516343952194],[135.4997212153977,34.59052939936032,46.66444947102983],[135.49959447963386,34.59048687152399,46.66416397320104]]],[[[135.49959447963386,34.59048687152399,46.66416397320104],[135.4997212153977,34.59052939936032,46.66444947102983],[135.4997212153977,34.59052939936032,53.61134947102983],[135.49959447963386,34.59048687152399,53.61106397320104],[135.49959447963386,34.59048687152399,46.66416397320104]]],[[[135.4997212153977,34.59052939936032,46.66444947102983],[135.49974912673864,34.590537798766086,46.664516343952194],[135.49974912673864,34.590537798766086,53.61141634395219],[135.4997212153977,34.59052939936032,53.61134947102983],[135.4997212153977,34.59052939936032,46.66444947102983]]],[[[135.49974912673864,34.590537798766086,46.664516343952194],[135.49970630981258,34.590617290746415,46.6640309319295],[135.49970630981258,34.590617290746415,53.6109309319295],[135.49974912673864,34.590537798766086,53.61141634395219],[135.49974912673864,34.590537798766086,46.664516343952194]]],[[[135.49970630981258,34.590617290746415,46.6640309319295],[135.49954986498776,34.59056654269304,46.663671333015195],[135.49954986498776,34.59056654269304,53.610571333015194],[135.49970630981258,34.590617290746415,53.6109309319295],[135.49970630981258,34.590617290746415,46.6640309319295]]],[[[135.49954986498776,34.59056654269304,46.663671333015195],[135.49959447963386,34.59048687152399,46.66416397320104],[135.49959447963386,34.59048687152399,53.61106397320104],[135.49954986498776,34.59056654269304,53.610571333015194],[135.49954986498776,34.59056654269304,46.663671333015195]]],[[[135.49959447963386,34.59048687152399,53.61106397320104],[135.4997212153977,34.59052939936032,53.61134947102983],[135.49974912673864,34.590537798766086,53.61141634395219],[135.49970630981258,34.590617290746415,53.6109309319295],[135.49954986498776,34.59056654269304,53.610571333015194],[135.49959447963386,34.59048687152399,53.61106397320104]]]]},"properties":{"buildingDataQualityAttribute":"{\"appearanceSrcDescLod2\":[\"未作成\"],\"appearanceSrcDescLod3\":[\"未作成\"],\"geometrySrcDescLod0\":[\"公共測量成果又は基本測量成果\"],\"geometrySrcDescLod1\":[\"公共測量成果又は基本測量成果\"],\"geometrySrcDescLod2\":[\"未作成\"],\"geometrySrcDescLod3\":[\"未作成\"],\"lod1HeightType\":\"点群から取得_中央値\",\"publicSurveyDataQualityAttribute\":{\"publicSurveySrcDescLod0\":[\"数値地形図データ\"],\"publicSurveySrcDescLod1\":[\"数値地形図データ\"],\"srcScaleLod0\":\"地図情報レベル2500\",\"srcScaleLod1\":\"地図情報レベル2500\",\"type\":\"uro:PublicSurveyDataQualityAttribute\"},\"thematicSrcDesc\":[\"公共測量成果又は基本測量成果\",\"公共測量成果又は基本測量成果ではない測量成果\",\"都市計画基礎調査\",\"その他のGISデータ\"],\"type\":\"uro:DataQualityAttribute\"}","buildingDetailAttribute":"[{\"basementFirstUsage\":\"不明\",\"basementSecondUsage\":\"不明\",\"buildingRoofEdgeArea\":45.3223026287,\"buildingStructureOrgType\":\"木造\",\"buildingStructureType\":\"木造・土蔵造\",\"detailedUsage\":\"長屋建住宅\",\"groundFloorUsage\":\"不明\",\"secondFloorUsage\":\"不明\",\"specifiedBuildingCoverageRate\":80.0,\"surveyYear\":\"2017\",\"thirdFloorUsage\":\"不明\",\"type\":\"uro:BuildingDetailAttribute\"}]","buildingDisasterRiskAttribute":"[{\"adminType\":\"国\",\"depth\":0.235,\"description\":\"大和川水系大和川\",\"rank\":\"0.5m未満\",\"scale\":\"L1（計画規模）\",\"type\":\"uro:RiverFloodingRiskAttribute\"},{\"adminType\":\"国\",\"depth\":0.542,\"description\":\"大和川水系大和川\",\"duration\":4.0,\"rank\":\"0.5m以上3m未満\",\"scale\":\"L2（想定最大規模）\",\"type\":\"uro:RiverFloodingRiskAttribute\"}]","buildingIDAttribute":"[{\"branchID\":1,\"buildingID\":\"27100-bldg-26926\",\"city\":\"大阪府大阪市住吉区\",\"prefecture\":\"大阪府\",\"type\":\"uro:BuildingIDAttribute\"}]","class":"普通建物","creationDate":"2023-03-22","genericAttribute":"{\"1/2500図郭\":111,\"type\":\"gen:genericAttribute\",\"ユーザーID\":100753,\"区名\":\"住吉区\",\"町丁目名称\":\"山之内５丁目\",\"街区番号\":3,\"計測周辺長\":28.7096080708}","id":"bldg_2e1a737d-6bb5-4d94-bfa7-9a89b8e7730a","keyValuePairAttribute":"[{\"codeValue\":\"住吉区\",\"key\":\"区番号\",\"type\":\"uro:KeyValuePairAttribute\"},{\"codeValue\":\"山之内５丁目\",\"key\":\"住所コード\",\"type\":\"uro:KeyValuePairAttribute\"},{\"codeValue\":\"不明\",\"key\":\"地下２階用途\",\"type\":\"uro:KeyValuePairAttribute\"},{\"codeValue\":\"不明\",\"key\":\"地下１階用途\",\"type\":\"uro:KeyValuePairAttribute\"},{\"codeValue\":\"長屋建住宅\",\"key\":\"地上１階用途\",\"type\":\"uro:KeyValuePairAttribute\"},{\"codeValue\":\"長屋建住宅\",\"key\":\"地上２階用途\",\"type\":\"uro:KeyValuePairAttribute\"},{\"codeValue\":\"不明\",\"key\":\"地上３階用途\",\"type\":\"uro:KeyValuePairAttribute\"}]","measuredHeight":7.0,"storeysAboveGround":2,"type":"bldg:Building","usage":"[\"住宅\"]"},"id":"bldg_2e1a737d-6bb5-4d94-bfa7-9a89b8e7730a"},{"type":"Feature","geometry":{"type":"MultiPolygon","coordinates":[[[[135.49906264885334,34.59158112691328,47.08999593872017],[135.49905073293877,34.5916230167965,47.08977917877029],[135.49913810372686,34.59163999948607,47.090026563859325],[135.49915000864496,34.591598118564335,47.0902432682899],[135.49906264885334,34.59158112691328,47.08999593872017]]],[[[135.49906264885334,34.59158112691328,47.08999593872017],[135.49915000864496,34.591598118564335,47.0902432682899],[135.49915000864496,34.591598118564335,53.674843268289905],[135.49906264885334,34.59158112691328,53.674595938720174],[135.49906264885334,34.59158112691328,47.08999593872017]]],[[[135.49915000864496,34.591598118564335,47.0902432682899],[135.49913810372686,34.59163999948607,47.090026563859325],[135.49913810372686,34.59163999948607,53.67462656385933],[135.49915000864496,34.591598118564335,53.674843268289905],[135.49915000864496,34.591598118564335,47.0902432682899]]],[[[135.49913810372686,34.59163999948607,47.090026563859325],[135.49905073293877,34.5916230167965,47.08977917877029],[135.49905073293877,34.5916230167965,53.674379178770295],[135.49913810372686,34.59163999948607,53.67462656385933],[135.49913810372686,34.59163999948607,47.090026563859325]]],[[[135.49905073293877,34.5916230167965,47.08977917877029],[135.49906264885334,34.59158112691328,47.08999593872017],[135.49906264885334,34.59158112691328,53.674595938720174],[135.49905073293877,34.5916230167965,53.674379178770295],[135.49905073293877,34.5916230167965,47.08977917877029]]],[[[135.49906264885334,34.59158112691328,53.674595938720174],[135.49915000864496,34.591598118564335,53.674843268289905],[135.49913810372686,34.59163999948607,53.67462656385933],[135.49905073293877,34.5916230167965,53.674379178770295],[135.49906264885334,34.59158112691328,53.674595938720174]]]]},"properties":{"buildingDataQualityAttribute":"{\"appearanceSrcDescLod2\":[\"未作成\"],\"appearanceSrcDescLod3\":[\"未作成\"],\"geometrySrcDescLod0\":[\"公共測量成果又は基本測量成果\"],\"geometrySrcDescLod1\":[\"公共測量成果又は基本測量成果\"],\"geometrySrcDescLod2\":[\"未作成\"],\"geometrySrcDescLod3\":[\"未作成\"],\"lod1HeightType\":\"点群から取得_中央値\",\"publicSurveyDataQualityAttribute\":{\"publicSurveySrcDescLod0\":[\"数値地形図データ\"],\"publicSurveySrcDescLod1\":[\"数値地形図データ\"],\"srcScaleLod0\":\"地図情報レベル2500\",\"srcScaleLod1\":\"地図情報レベル2500\",\"type\":\"uro:PublicSurveyDataQualityAttribute\"},\"thematicSrcDesc\":[\"公共測量成果又は基本測量成果\",\"公共測量成果又は基本測量成果ではない測量成果\",\"都市計画基礎調査\",\"その他のGISデータ\"],\"type\":\"uro:DataQualityAttribute\"}","buildingDetailAttribute":"[{\"basementFirstUsage\":\"不明\",\"basementSecondUsage\":\"不明\",\"buildingRoofEdgeArea\":43.1314881939,\"buildingStructureOrgType\":\"木造\",\"buildingStructureType\":\"木造・土蔵造\",\"detailedUsage\":\"一戸建住宅\",\"groundFloorUsage\":\"不明\",\"secondFloorUsage\":\"不明\",\"specifiedBuildingCoverageRate\":80.0,\"surveyYear\":\"2017\",\"thirdFloorUsage\":\"不明\",\"type\":\"uro:BuildingDetailAttribute\"}]","buildingDisasterRiskAttribute":"[{\"adminType\":\"国\",\"depth\":0.174,\"description\":\"大和川水系大和川\",\"duration\":0.0,\"rank\":\"0.5m未満\",\"scale\":\"L2（想定最大規模）\",\"type\":\"uro:RiverFloodingRiskAttribute\"}]","buildingIDAttribute":"[{\"branchID\":1,\"buildingID\":\"27100-bldg-26708\",\"city\":\"大阪府大阪市住吉区\",\"prefecture\":\"大阪府\",\"type\":\"uro:BuildingIDAttribute\"}]","class":"普通建物","creationDate":"2023-03-22","genericAttribute":"{\"1/2500図郭\":111,\"type\":\"gen:genericAttribute\",\"ユーザーID\":100700,\"区名\":\"住吉区\",\"町丁目名称\":\"山之内５丁目\",\"街区番号\":5,\"計測周辺長\":26.6879813622}","id":"bldg_958887b7-8e87-41ea-bd17-20972f9141e4","keyValuePairAttribute":"[{\"codeValue\":\"住吉区\",\"key\":\"区番号\",\"type\":\"uro:KeyValuePairAttribute\"},{\"codeValue\":\"山之内５丁目\",\"key\":\"住所コード\",\"type\":\"uro:KeyValuePairAttribute\"},{\"codeValue\":\"不明\",\"key\":\"地下２階用途\",\"type\":\"uro:KeyValuePairAttribute\"},{\"codeValue\":\"不明\",\"key\":\"地下１階用途\",\"type\":\"uro:KeyValuePairAttribute\"},{\"codeValue\":\"一戸建住宅\",\"key\":\"地上１階用途\",\"type\":\"uro:KeyValuePairAttribute\"},{\"codeValue\":\"一戸建住宅\",\"key\":\"地上２階用途\",\"type\":\"uro:KeyValuePairAttribute\"},{\"codeValue\":\"不明\",\"key\":\"地上３階用途\",\"type\":\"uro:KeyValuePairAttribute\"}]","measuredHeight":6.6,"storeysAboveGround":2,"type":"bldg:Building","usage":"[\"住宅\"]"},"id":"bldg_958887b7-8e87-41ea-bd17-20972f9141e4"},{"type":"Feature","geometry":{"type":"MultiPolygon","coordinates":[[[[135.49984338629133,34.59118051955999,47.2917956433628],[135.4998047328137,34.59126375191491,47.29131000213292],[135.49995702371731,34.5913184673486,47.29163727923155],[135.50000937091195,34.5912240220266,47.29221817868756],[135.49994682482293,34.59120122770194,47.29208621056519],[135.4999412797665,34.59121698161471,47.29200072268537],[135.49984338629133,34.59118051955999,47.2917956433628]]],[[[135.49984338629133,34.59118051955999,47.2917956433628],[135.4999412797665,34.59121698161471,47.29200072268537],[135.4999412797665,34.59121698161471,55.13930072268537],[135.49984338629133,34.59118051955999,55.1390956433628],[135.49984338629133,34.59118051955999,47.2917956433628]]],[[[135.4999412797665,34.59121698161471,47.29200072268537],[135.49994682482293,34.59120122770194,47.29208621056519],[135.49994682482293,34.59120122770194,55.139386210565185],[135.4999412797665,34.59121698161471,55.13930072268537],[135.4999412797665,34.59121698161471,47.29200072268537]]],[[[135.49994682482293,34.59120122770194,47.29208621056519],[135.50000937091195,34.5912240220266,47.29221817868756],[135.50000937091195,34.5912240220266,55.13951817868756],[135.49994682482293,34.59120122770194,55.139386210565185],[135.49994682482293,34.59120122770194,47.29208621056519]]],[[[135.50000937091195,34.5912240220266,47.29221817868756],[135.49995702371731,34.5913184673486,47.29163727923155],[135.49995702371731,34.5913184673486,55.13893727923155],[135.50000937091195,34.5912240220266,55.13951817868756],[135.50000937091195,34.5912240220266,47.29221817868756]]],[[[135.49995702371731,34.5913184673486,47.29163727923155],[135.4998047328137,34.59126375191491,47.29131000213292],[135.4998047328137,34.59126375191491,55.13861000213292],[135.49995702371731,34.5913184673486,55.13893727923155],[135.49995702371731,34.5913184673486,47.29163727923155]]],[[[135.4998047328137,34.59126375191491,47.29131000213292],[135.49984338629133,34.59118051955999,47.2917956433628],[135.49984338629133,34.59118051955999,55.1390956433628],[135.4998047328137,34.59126375191491,55.13861000213292],[135.4998047328137,34.59126375191491,47.29131000213292]]],[[[135.49984338629133,34.59118051955999,55.1390956433628],[135.4999412797665,34.59121698161471,55.13930072268537],[135.49994682482293,34.59120122770194,55.139386210565185],[135.50000937091195,34.5912240220266,55.13951817868756],[135.49995702371731,34.5913184673486,55.13893727923155],[135.4998047328137,34.59126375191491,55.13861000213292],[135.49984338629133,34.59118051955999,55.1390956433628]]]]},"properties":{"buildingDataQualityAttribute":"{\"appearanceSrcDescLod2\":[\"未作成\"],\"appearanceSrcDescLod3\":[\"未作成\"],\"geometrySrcDescLod0\":[\"公共測量成果又は基本測量成果\"],\"geometrySrcDescLod1\":[\"公共測量成果又は基本測量成果\"],\"geometrySrcDescLod2\":[\"未作成\"],\"geometrySrcDescLod3\":[\"未作成\"],\"lod1HeightType\":\"点群から取得_中央値\",\"publicSurveyDataQualityAttribute\":{\"publicSurveySrcDescLod0\":[\"数値地形図データ\"],\"publicSurveySrcDescLod1\":[\"数値地形図データ\"],\"srcScaleLod0\":\"地図情報レベル2500\",\"srcScaleLod1\":\"地図情報レベル2500\",\"type\":\"uro:PublicSurveyDataQualityAttribute\"},\"thematicSrcDesc\":[\"公共測量成果又は基本測量成果\",\"公共測量成果又は基本測量成果ではない測量成果\",\"都市計画基礎調査\",\"その他のGISデータ\"],\"type\":\"uro:DataQualityAttribute\"}","buildingDetailAttribute":"[{\"basementFirstUsage\":\"不明\",\"basementSecondUsage\":\"不明\",\"buildingRoofEdgeArea\":163.125887515,\"buildingStructureOrgType\":\"木造\",\"buildingStructureType\":\"木造・土蔵造\",\"detailedUsage\":\"一戸建住宅\",\"groundFloorUsage\":\"不明\",\"secondFloorUsage\":\"不明\",\"specifiedBuildingCoverageRate\":80.0,\"surveyYear\":\"2017\",\"thirdFloorUsage\":\"不明\",\"type\":\"uro:BuildingDetailAttribute\"}]","buildingDisasterRiskAttribute":"[{\"adminType\":\"国\",\"depth\":0.397,\"description\":\"大和川水系大和川\",\"duration\":0.0,\"rank\":\"0.5m未満\",\"scale\":\"L2（想定最大規模）\",\"type\":\"uro:RiverFloodingRiskAttribute\"}]","buildingIDAttribute":"[{\"branchID\":1,\"buildingID\":\"27100-bldg-26794\",\"city\":\"大阪府大阪市住吉区\",\"prefecture\":\"大阪府\",\"type\":\"uro:BuildingIDAttribute\"}]","class":"普通建物","creationDate":"2023-03-22","genericAttribute":"{\"1/2500図郭\":111,\"type\":\"gen:genericAttribute\",\"ユーザーID\":100721,\"区名\":\"住吉区\",\"町丁目名称\":\"山之内５丁目\",\"街区番号\":3,\"計測周辺長\":54.5849296487}","id":"bldg_37574de0-73e2-487a-9b2f-ed0ce04d4807","keyValuePairAttribute":"[{\"codeValue\":\"住吉区\",\"key\":\"区番号\",\"type\":\"uro:KeyValuePairAttribute\"},{\"codeValue\":\"山之内５丁目\",\"key\":\"住所コード\",\"type\":\"uro:KeyValuePairAttribute\"},{\"codeValue\":\"不明\",\"key\":\"地下２階用途\",\"type\":\"uro:KeyValuePairAttribute\"},{\"codeValue\":\"不明\",\"key\":\"地下１階用途\",\"type\":\"uro:KeyValuePairAttribute\"},{\"codeValue\":\"一戸建住宅\",\"key\":\"地上１階用途\",\"type\":\"uro:KeyValuePairAttribute\"},{\"codeValue\":\"一戸建住宅\",\"key\":\"地上２階用途\",\"type\":\"uro:KeyValuePairAttribute\"},{\"codeValue\":\"不明\",\"key\":\"地上３階用途\",\"type\":\"uro:KeyValuePairAttribute\"}]","measuredHeight":7.9,"storeysAboveGround":2,"type":"bldg:Building","usage":"[\"住宅\"]"},"id":"bldg_37574de0-73e2-487a-9b2f-ed0ce04d4807"},{"type":"Feature","geometry":{"type":"MultiPolygon","coordinates":[[[[135.49968837630865,34.58989366460206,46.692464355159174],[135.49972573014318,34.58982183840295,46.6928982554619],[135.49959017938966,34.58977536091814,46.69259640929467],[135.49957381456406,34.589777547618745,46.692527653409854],[135.49954347228777,34.589838275938654,46.69216536459981],[135.49953799481844,34.589842761086906,46.69212680353364],[135.49968837630865,34.58989366460206,46.692464355159174]]],[[[135.49968837630865,34.58989366460206,46.692464355159174],[135.49953799481844,34.589842761086906,46.69212680353364],[135.49953799481844,34.589842761086906,53.833526803533644],[135.49968837630865,34.58989366460206,53.83386435515918],[135.49968837630865,34.58989366460206,46.692464355159174]]],[[[135.49953799481844,34.589842761086906,46.69212680353364],[135.49954347228777,34.589838275938654,46.69216536459981],[135.49954347228777,34.589838275938654,53.83356536459981],[135.49953799481844,34.589842761086906,53.833526803533644],[135.49953799481844,34.589842761086906,46.69212680353364]]],[[[135.49954347228777,34.589838275938654,46.69216536459981],[135.49957381456406,34.589777547618745,46.692527653409854],[135.49957381456406,34.589777547618745,53.83392765340986],[135.49954347228777,34.589838275938654,53.83356536459981],[135.49954347228777,34.589838275938654,46.69216536459981]]],[[[135.49957381456406,34.589777547618745,46.692527653409854],[135.49959017938966,34.58977536091814,46.69259640929467],[135.49959017938966,34.58977536091814,53.83399640929467],[135.49957381456406,34.589777547618745,53.83392765340986],[135.49957381456406,34.589777547618745,46.692527653409854]]],[[[135.49959017938966,34.58977536091814,46.69259640929467],[135.49972573014318,34.58982183840295,46.6928982554619],[135.49972573014318,34.58982183840295,53.8342982554619],[135.49959017938966,34.58977536091814,53.83399640929467],[135.49959017938966,34.58977536091814,46.69259640929467]]],[[[135.49972573014318,34.58982183840295,46.6928982554619],[135.49968837630865,34.58989366460206,46.692464355159174],[135.49968837630865,34.58989366460206,53.83386435515918],[135.49972573014318,34.58982183840295,53.8342982554619],[135.49972573014318,34.58982183840295,46.6928982554619]]],[[[135.49968837630865,34.58989366460206,53.83386435515918],[135.49953799481844,34.589842761086906,53.833526803533644],[135.49954347228777,34.589838275938654,53.83356536459981],[135.49957381456406,34.589777547618745,53.83392765340986],[135.49959017938966,34.58977536091814,53.83399640929467],[135.49972573014318,34.58982183840295,53.8342982554619],[135.49968837630865,34.58989366460206,53.83386435515918]]]]},"properties":{"buildingDataQualityAttribute":"{\"appearanceSrcDescLod2\":[\"未作成\"],\"appearanceSrcDescLod3\":[\"未作成\"],\"geometrySrcDescLod0\":[\"公共測量成果又は基本測量成果\"],\"geometrySrcDescLod1\":[\"公共測量成果又は基本測量成果\"],\"geometrySrcDescLod2\":[\"未作成\"],\"geometrySrcDescLod3\":[\"未作成\"],\"lod1HeightType\":\"点群から取得_中央値\",\"publicSurveyDataQualityAttribute\":{\"publicSurveySrcDescLod0\":[\"数値地形図データ\"],\"publicSurveySrcDescLod1\":[\"数値地形図データ\"],\"srcScaleLod0\":\"地図情報レベル2500\",\"srcScaleLod1\":\"地図情報レベル2500\",\"type\":\"uro:PublicSurveyDataQualityAttribute\"},\"thematicSrcDesc\":[\"公共測量成果又は基本測量成果\",\"公共測量成果又は基本測量成果ではない測量成果\",\"都市計画基礎調査\",\"その他のGISデータ\"],\"type\":\"uro:DataQualityAttribute\"}","buildingDetailAttribute":"[{\"basementFirstUsage\":\"不明\",\"basementSecondUsage\":\"不明\",\"buildingRoofEdgeArea\":34.8658828017,\"buildingStructureOrgType\":\"木造\",\"buildingStructureType\":\"木造・土蔵造\",\"detailedUsage\":\"長屋建住宅\",\"groundFloorUsage\":\"不明\",\"secondFloorUsage\":\"不明\",\"specifiedBuildingCoverageRate\":80.0,\"surveyYear\":\"2017\",\"thirdFloorUsage\":\"不明\",\"type\":\"uro:BuildingDetailAttribute\"}]","buildingDisasterRiskAttribute":"[{\"adminType\":\"国\",\"depth\":0.189,\"description\":\"大和川水系大和川\",\"rank\":\"0.5m未満\",\"scale\":\"L1（計画規模）\",\"type\":\"uro:RiverFloodingRiskAttribute\"},{\"adminType\":\"国\",\"depth\":0.84,\"description\":\"大和川水系大和川\",\"duration\":4.9667,\"rank\":\"0.5m以上3m未満\",\"scale\":\"L2（想定最大規模）\",\"type\":\"uro:RiverFloodingRiskAttribute\"}]","buildingIDAttribute":"[{\"branchID\":1,\"buildingID\":\"27100-bldg-27122\",\"city\":\"大阪府大阪市住吉区\",\"prefecture\":\"大阪府\",\"type\":\"uro:BuildingIDAttribute\"}]","class":"普通建物","creationDate":"2023-03-22","genericAttribute":"{\"1/2500図郭\":111,\"type\":\"gen:genericAttribute\",\"ユーザーID\":100999,\"区名\":\"住吉区\",\"町丁目名称\":\"山之内５丁目\",\"街区番号\":3,\"計測周辺長\":25.4336132169}","id":"bldg_c950b86a-0caf-40b8-96e0-777a6bef5c86","keyValuePairAttribute":"[{\"codeValue\":\"住吉区\",\"key\":\"区番号\",\"type\":\"uro:KeyValuePairAttribute\"},{\"codeValue\":\"山之内５丁目\",\"key\":\"住所コード\",\"type\":\"uro:KeyValuePairAttribute\"},{\"codeValue\":\"不明\",\"key\":\"地下２階用途\",\"type\":\"uro:KeyValuePairAttribute\"},{\"codeValue\":\"不明\",\"key\":\"地下１階用途\",\"type\":\"uro:KeyValuePairAttribute\"},{\"codeValue\":\"長屋建住宅\",\"key\":\"地上１階用途\",\"type\":\"uro:KeyValuePairAttribute\"},{\"codeValue\":\"長屋建住宅\",\"key\":\"地上２階用途\",\"type\":\"uro:KeyValuePairAttribute\"},{\"codeValue\":\"不明\",\"key\":\"地上３階用途\",\"type\":\"uro:KeyValuePairAttribute\"}]","measuredHeight":7.1,"storeysAboveGround":2,"type":"bldg:Building","usage":"[\"住宅\"]"},"id":"bldg_c950b86a-0caf-40b8-96e0-777a6bef5c86"},{"type":"Feature","geometry":{"type":"MultiPolygon","coordinates":[[[[135.4998629464473,34.59155473133321,48.35631566144624],[135.49986007260426,34.5915795114079,48.3562024935926],[135.4997892153815,34.5915792209882,48.35594602189308],[135.49979150840727,34.591651352139706,48.3556553986736],[135.49977788200658,34.5916512962852,48.3556060832739],[135.49978035063077,34.59169412869432,48.35543753496661],[135.49996287698005,34.59170614576252,48.35605134951327],[135.49997157944495,34.591618283034784,48.35644725281905],[135.4999824805615,34.59161832770117,48.35648670738808],[135.49998283163185,34.59155973021483,48.35673092288656],[135.4998629464473,34.59155473133321,48.35631566144624]]],[[[135.4998629464473,34.59155473133321,48.35631566144624],[135.49998283163185,34.59155973021483,48.35673092288656],[135.49998283163185,34.59155973021483,55.58803092288656],[135.4998629464473,34.59155473133321,55.587615661446236],[135.4998629464473,34.59155473133321,48.35631566144624]]],[[[135.49998283163185,34.59155973021483,48.35673092288656],[135.4999824805615,34.59161832770117,48.35648670738808],[135.4999824805615,34.59161832770117,55.58778670738808],[135.49998283163185,34.59155973021483,55.58803092288656],[135.49998283163185,34.59155973021483,48.35673092288656]]],[[[135.4999824805615,34.59161832770117,48.35648670738808],[135.49997157944495,34.591618283034784,48.35644725281905],[135.49997157944495,34.591618283034784,55.58774725281906],[135.4999824805615,34.59161832770117,55.58778670738808],[135.4999824805615,34.59161832770117,48.35648670738808]]],[[[135.49997157944495,34.591618283034784,48.35644725281905],[135.49996287698005,34.59170614576252,48.35605134951327],[135.49996287698005,34.59170614576252,55.58735134951327],[135.49997157944495,34.591618283034784,55.58774725281906],[135.49997157944495,34.591618283034784,48.35644725281905]]],[[[135.49996287698005,34.59170614576252,48.35605134951327],[135.49978035063077,34.59169412869432,48.35543753496661],[135.49978035063077,34.59169412869432,55.586737534966616],[135.49996287698005,34.59170614576252,55.58735134951327],[135.49996287698005,34.59170614576252,48.35605134951327]]],[[[135.49978035063077,34.59169412869432,48.35543753496661],[135.49977788200658,34.5916512962852,48.3556060832739],[135.49977788200658,34.5916512962852,55.5869060832739],[135.49978035063077,34.59169412869432,55.586737534966616],[135.49978035063077,34.59169412869432,48.35543753496661]]],[[[135.49977788200658,34.5916512962852,48.3556060832739],[135.49979150840727,34.591651352139706,48.3556553986736],[135.49979150840727,34.591651352139706,55.586955398673595],[135.49977788200658,34.5916512962852,55.5869060832739],[135.49977788200658,34.5916512962852,48.3556060832739]]],[[[135.49979150840727,34.591651352139706,48.3556553986736],[135.4997892153815,34.5915792209882,48.35594602189308],[135.4997892153815,34.5915792209882,55.58724602189308],[135.49979150840727,34.591651352139706,55.586955398673595],[135.49979150840727,34.591651352139706,48.3556553986736]]],[[[135.4997892153815,34.5915792209882,48.35594602189308],[135.49986007260426,34.5915795114079,48.3562024935926],[135.49986007260426,34.5915795114079,55.587502493592595],[135.4997892153815,34.5915792209882,55.58724602189308],[135.4997892153815,34.5915792209882,48.35594602189308]]],[[[135.49986007260426,34.5915795114079,48.3562024935926],[135.4998629464473,34.59155473133321,48.35631566144624],[135.4998629464473,34.59155473133321,55.587615661446236],[135.49986007260426,34.5915795114079,55.587502493592595],[135.49986007260426,34.5915795114079,48.3562024935926]]],[[[135.4998629464473,34.59155473133321,55.587615661446236],[135.49998283163185,34.59155973021483,55.58803092288656],[135.4999824805615,34.59161832770117,55.58778670738808],[135.49997157944495,34.591618283034784,55.58774725281906],[135.49996287698005,34.59170614576252,55.58735134951327],[135.49978035063077,34.59169412869432,55.586737534966616],[135.49977788200658,34.5916512962852,55.5869060832739],[135.49979150840727,34.591651352139706,55.586955398673595],[135.4997892153815,34.5915792209882,55.58724602189308],[135.49986007260426,34.5915795114079,55.587502493592595],[135.4998629464473,34.59155473133321,55.587615661446236]]]]},"properties":{"buildingDataQualityAttribute":"{\"appearanceSrcDescLod2\":[\"未作成\"],\"appearanceSrcDescLod3\":[\"未作成\"],\"geometrySrcDescLod0\":[\"公共測量成果又は基本測量成果\"],\"geometrySrcDescLod1\":[\"公共測量成果又は基本測量成果\"],\"geometrySrcDescLod2\":[\"未作成\"],\"geometrySrcDescLod3\":[\"未作成\"],\"lod1HeightType\":\"点群から取得_中央値\",\"publicSurveyDataQualityAttribute\":{\"publicSurveySrcDescLod0\":[\"数値地形図データ\"],\"publicSurveySrcDescLod1\":[\"数値地形図データ\"],\"srcScaleLod0\":\"地図情報レベル2500\",\"srcScaleLod1\":\"地図情報レベル2500\",\"type\":\"uro:PublicSurveyDataQualityAttribute\"},\"thematicSrcDesc\":[\"公共測量成果又は基本測量成果\",\"公共測量成果又は基本測量成果ではない測量成果\",\"都市計画基礎調査\",\"その他のGISデータ\"],\"type\":\"uro:DataQualityAttribute\"}","buildingDetailAttribute":"[{\"basementFirstUsage\":\"不明\",\"basementSecondUsage\":\"不明\",\"buildingRoofEdgeArea\":256.561487483,\"buildingStructureOrgType\":\"非木造\",\"buildingStructureType\":\"非木造\",\"detailedUsage\":\"一戸建住宅\",\"groundFloorUsage\":\"不明\",\"secondFloorUsage\":\"不明\",\"specifiedBuildingCoverageRate\":80.0,\"surveyYear\":\"2017\",\"thirdFloorUsage\":\"不明\",\"type\":\"uro:BuildingDetailAttribute\"}]","buildingIDAttribute":"[{\"branchID\":1,\"buildingID\":\"27100-bldg-26688\",\"city\":\"大阪府大阪市住吉区\",\"prefecture\":\"大阪府\",\"type\":\"uro:BuildingIDAttribute\"}]","class":"普通建物","creationDate":"2023-03-22","genericAttribute":"{\"1/2500図郭\":111,\"type\":\"gen:genericAttribute\",\"ユーザーID\":100693,\"区名\":\"住吉区\",\"町丁目名称\":\"山之内５丁目\",\"街区番号\":3,\"計測周辺長\":68.358450918}","id":"bldg_0eafdeb1-23e6-4faa-8ff1-2edb4fe15e50","keyValuePairAttribute":"[{\"codeValue\":\"住吉区\",\"key\":\"区番号\",\"type\":\"uro:KeyValuePairAttribute\"},{\"codeValue\":\"山之内５丁目\",\"key\":\"住所コード\",\"type\":\"uro:KeyValuePairAttribute\"},{\"codeValue\":\"不明\",\"key\":\"地下２階用途\",\"type\":\"uro:KeyValuePairAttribute\"},{\"codeValue\":\"不明\",\"key\":\"地下１階用途\",\"type\":\"uro:KeyValuePairAttribute\"},{\"codeValue\":\"一戸建住宅\",\"key\":\"地上１階用途\",\"type\":\"uro:KeyValuePairAttribute\"},{\"codeValue\":\"一戸建住宅\",\"key\":\"地上２階用途\",\"type\":\"uro:KeyValuePairAttribute\"},{\"codeValue\":\"一戸建住宅\",\"key\":\"地上３階用途\",\"type\":\"uro:KeyValuePairAttribute\"}]","measuredHeight":7.2,"storeysAboveGround":3,"type":"bldg:Building","usage":"[\"住宅\"]"},"id":"bldg_0eafdeb1-23e6-4faa-8ff1-2edb4fe15e50"},{"type":"Feature","geometry":{"type":"MultiPolygon","coordinates":[[[[135.49878884393357,34.59146048790845,46.444199495444586],[135.49877856627563,34.59149821946284,46.444005965213385],[135.4988771134483,34.591516573479396,46.44428841916764],[135.49888739101,34.59147885093145,46.44448193379595],[135.49878884393357,34.59146048790845,46.444199495444586]]],[[[135.49878884393357,34.59146048790845,46.444199495444586],[135.49888739101,34.59147885093145,46.44448193379595],[135.49888739101,34.59147885093145,55.604381933805946],[135.49878884393357,34.59146048790845,55.604099495454584],[135.49878884393357,34.59146048790845,46.444199495444586]]],[[[135.49888739101,34.59147885093145,46.44448193379595],[135.4988771134483,34.591516573479396,46.44428841916764],[135.4988771134483,34.591516573479396,55.60418841917764],[135.49888739101,34.59147885093145,55.604381933805946],[135.49888739101,34.59147885093145,46.44448193379595]]],[[[135.4988771134483,34.591516573479396,46.44428841916764],[135.49877856627563,34.59149821946284,46.444005965213385],[135.49877856627563,34.59149821946284,55.60390596522338],[135.4988771134483,34.591516573479396,55.60418841917764],[135.4988771134483,34.591516573479396,46.44428841916764]]],[[[135.49877856627563,34.59149821946284,46.444005965213385],[135.49878884393357,34.59146048790845,46.444199495444586],[135.49878884393357,34.59146048790845,55.604099495454584],[135.49877856627563,34.59149821946284,55.60390596522338],[135.49877856627563,34.59149821946284,46.444005965213385]]],[[[135.49878884393357,34.59146048790845,55.604099495454584],[135.49888739101,34.59147885093145,55.604381933805946],[135.4988771134483,34.591516573479396,55.60418841917764],[135.49877856627563,34.59149821946284,55.60390596522338],[135.49878884393357,34.59146048790845,55.604099495454584]]]]},"properties":{"buildingDataQualityAttribute":"{\"appearanceSrcDescLod2\":[\"未作成\"],\"appearanceSrcDescLod3\":[\"未作成\"],\"geometrySrcDescLod0\":[\"公共測量成果又は基本測量成果\"],\"geometrySrcDescLod1\":[\"公共測量成果又は基本測量成果\"],\"geometrySrcDescLod2\":[\"未作成\"],\"geometrySrcDescLod3\":[\"未作成\"],\"lod1HeightType\":\"点群から取得_中央値\",\"publicSurveyDataQualityAttribute\":{\"publicSurveySrcDescLod0\":[\"数値地形図データ\"],\"publicSurveySrcDescLod1\":[\"数値地形図データ\"],\"srcScaleLod0\":\"地図情報レベル2500\",\"srcScaleLod1\":\"地図情報レベル2500\",\"type\":\"uro:PublicSurveyDataQualityAttribute\"},\"thematicSrcDesc\":[\"公共測量成果又は基本測量成果\",\"公共測量成果又は基本測量成果ではない測量成果\",\"都市計画基礎調査\",\"その他のGISデータ\"],\"type\":\"uro:DataQualityAttribute\"}","buildingDetailAttribute":"[{\"basementFirstUsage\":\"不明\",\"basementSecondUsage\":\"不明\",\"buildingRoofEdgeArea\":47.3606133724,\"buildingStructureOrgType\":\"木造\",\"buildingStructureType\":\"木造・土蔵造\",\"detailedUsage\":\"一戸建住宅\",\"groundFloorUsage\":\"不明\",\"secondFloorUsage\":\"不明\",\"specifiedBuildingCoverageRate\":80.0,\"surveyYear\":\"2017\",\"thirdFloorUsage\":\"不明\",\"type\":\"uro:BuildingDetailAttribute\"}]","buildingDisasterRiskAttribute":"[{\"adminType\":\"国\",\"depth\":0.771,\"description\":\"大和川水系大和川\",\"duration\":0.0,\"rank\":\"0.5m以上3m未満\",\"scale\":\"L2（想定最大規模）\",\"type\":\"uro:RiverFloodingRiskAttribute\"}]","buildingIDAttribute":"[{\"branchID\":1,\"buildingID\":\"27100-bldg-26747\",\"city\":\"大阪府大阪市住吉区\",\"prefecture\":\"大阪府\",\"type\":\"uro:BuildingIDAttribute\"}]","class":"普通建物","creationDate":"2023-03-22","genericAttribute":"{\"1/2500図郭\":111,\"type\":\"gen:genericAttribute\",\"ユーザーID\":100712,\"区名\":\"住吉区\",\"町丁目名称\":\"山之内５丁目\",\"街区番号\":6,\"計測周辺長\":29.5436061166}","id":"bldg_8d24d48c-246d-4f26-96c1-232ce2e22d28","keyValuePairAttribute":"[{\"codeValue\":\"住吉区\",\"key\":\"区番号\",\"type\":\"uro:KeyValuePairAttribute\"},{\"codeValue\":\"山之内５丁目\",\"key\":\"住所コード\",\"type\":\"uro:KeyValuePairAttribute\"},{\"codeValue\":\"不明\",\"key\":\"地下２階用途\",\"type\":\"uro:KeyValuePairAttribute\"},{\"codeValue\":\"不明\",\"key\":\"地下１階用途\",\"type\":\"uro:KeyValuePairAttribute\"},{\"codeValue\":\"一戸建住宅\",\"key\":\"地上１階用途\",\"type\":\"uro:KeyValuePairAttribute\"},{\"codeValue\":\"一戸建住宅\",\"key\":\"地上２階用途\",\"type\":\"uro:KeyValuePairAttribute\"},{\"codeValue\":\"不明\",\"key\":\"地上３階用途\",\"type\":\"uro:KeyValuePairAttribute\"}]","measuredHeight":9.2,"storeysAboveGround":2,"type":"bldg:Building","usage":"[\"住宅\"]"},"id":"bldg_8d24d48c-246d-4f26-96c1-232ce2e22d28"},{"type":"Feature","geometry":{"type":"MultiPolygon","coordinates":[[[[135.4996383510585,34.590377324454295,46.557577747616335],[135.49960467323012,34.59044144054925,46.55718935691192],[135.49976300961134,34.59049503337612,46.557544161934665],[135.49979337898787,34.59042979750916,46.55792519081284],[135.4996383510585,34.590377324454295,46.557577747616335]]],[[[135.4996383510585,34.590377324454295,46.557577747616335],[135.49979337898787,34.59042979750916,46.55792519081284],[135.49979337898787,34.59042979750916,53.732025190812834],[135.4996383510585,34.590377324454295,53.73167774761633],[135.4996383510585,34.590377324454295,46.557577747616335]]],[[[135.49979337898787,34.59042979750916,46.55792519081284],[135.49976300961134,34.59049503337612,46.557544161934665],[135.49976300961134,34.59049503337612,53.73164416193467],[135.49979337898787,34.59042979750916,53.732025190812834],[135.49979337898787,34.59042979750916,46.55792519081284]]],[[[135.49976300961134,34.59049503337612,46.557544161934665],[135.49960467323012,34.59044144054925,46.55718935691192],[135.49960467323012,34.59044144054925,53.731289356911915],[135.49976300961134,34.59049503337612,53.73164416193467],[135.49976300961134,34.59049503337612,46.557544161934665]]],[[[135.49960467323012,34.59044144054925,46.55718935691192],[135.4996383510585,34.590377324454295,46.557577747616335],[135.4996383510585,34.590377324454295,53.73167774761633],[135.49960467323012,34.59044144054925,53.731289356911915],[135.49960467323012,34.59044144054925,46.55718935691192]]],[[[135.4996383510585,34.590377324454295,53.73167774761633],[135.49979337898787,34.59042979750916,53.732025190812834],[135.49976300961134,34.59049503337612,53.73164416193467],[135.49960467323012,34.59044144054925,53.731289356911915],[135.4996383510585,34.590377324454295,53.73167774761633]]]]},"properties":{"buildingDataQualityAttribute":"{\"appearanceSrcDescLod2\":[\"未作成\"],\"appearanceSrcDescLod3\":[\"未作成\"],\"geometrySrcDescLod0\":[\"公共測量成果又は基本測量成果\"],\"geometrySrcDescLod1\":[\"公共測量成果又は基本測量成果\"],\"geometrySrcDescLod2\":[\"未作成\"],\"geometrySrcDescLod3\":[\"未作成\"],\"lod1HeightType\":\"点群から取得_中央値\",\"publicSurveyDataQualityAttribute\":{\"publicSurveySrcDescLod0\":[\"数値地形図データ\"],\"publicSurveySrcDescLod1\":[\"数値地形図データ\"],\"srcScaleLod0\":\"地図情報レベル2500\",\"srcScaleLod1\":\"地図情報レベル2500\",\"type\":\"uro:PublicSurveyDataQualityAttribute\"},\"thematicSrcDesc\":[\"公共測量成果又は基本測量成果\",\"公共測量成果又は基本測量成果ではない測量成果\",\"都市計画基礎調査\",\"その他のGISデータ\"],\"type\":\"uro:DataQualityAttribute\"}","buildingDetailAttribute":"[{\"basementFirstUsage\":\"不明\",\"basementSecondUsage\":\"不明\",\"buildingRoofEdgeArea\":33.124153164,\"buildingStructureOrgType\":\"木造\",\"buildingStructureType\":\"木造・土蔵造\",\"detailedUsage\":\"長屋建住宅\",\"groundFloorUsage\":\"不明\",\"secondFloorUsage\":\"不明\",\"specifiedBuildingCoverageRate\":80.0,\"surveyYear\":\"2017\",\"thirdFloorUsage\":\"不明\",\"type\":\"uro:BuildingDetailAttribute\"}]","buildingDisasterRiskAttribute":"[{\"adminType\":\"国\",\"depth\":0.456,\"description\":\"大和川水系大和川\",\"rank\":\"0.5m未満\",\"scale\":\"L1（計画規模）\",\"type\":\"uro:RiverFloodingRiskAttribute\"},{\"adminType\":\"国\",\"depth\":0.947,\"description\":\"大和川水系大和川\",\"duration\":4.25,\"rank\":\"0.5m以上3m未満\",\"scale\":\"L2（想定最大規模）\",\"type\":\"uro:RiverFloodingRiskAttribute\"}]","buildingIDAttribute":"[{\"branchID\":1,\"buildingID\":\"27100-bldg-26963\",\"city\":\"大阪府大阪市住吉区\",\"prefecture\":\"大阪府\",\"type\":\"uro:BuildingIDAttribute\"}]","class":"普通建物","creationDate":"2023-03-22","genericAttribute":"{\"1/2500図郭\":111,\"type\":\"gen:genericAttribute\",\"ユーザーID\":100786,\"区名\":\"住吉区\",\"町丁目名称\":\"山之内５丁目\",\"街区番号\":3,\"計測周辺長\":24.0718798592}","id":"bldg_e3452b66-02b3-4050-afc7-6eeb74e15a3b","keyValuePairAttribute":"[{\"codeValue\":\"住吉区\",\"key\":\"区番号\",\"type\":\"uro:KeyValuePairAttribute\"},{\"codeValue\":\"山之内５丁目\",\"key\":\"住所コード\",\"type\":\"uro:KeyValuePairAttribute\"},{\"codeValue\":\"不明\",\"key\":\"地下２階用途\",\"type\":\"uro:KeyValuePairAttribute\"},{\"codeValue\":\"不明\",\"key\":\"地下１階用途\",\"type\":\"uro:KeyValuePairAttribute\"},{\"codeValue\":\"長屋建住宅\",\"key\":\"地上１階用途\",\"type\":\"uro:KeyValuePairAttribute\"},{\"codeValue\":\"長屋建住宅\",\"key\":\"地上２階用途\",\"type\":\"uro:KeyValuePairAttribute\"},{\"codeValue\":\"不明\",\"key\":\"地上３階用途\",\"type\":\"uro:KeyValuePairAttribute\"}]","measuredHeight":7.2,"storeysAboveGround":2,"type":"bldg:Building","usage":"[\"住宅\"]"},"id":"bldg_e3452b66-02b3-4050-afc7-6eeb74e15a3b"},{"type":"Feature","geometry":{"type":"MultiPolygon","coordinates":[[[[135.4992324988609,34.59153843376482,47.10889040533535],[135.49933881431693,34.59155918127342,47.10919111983367],[135.49935626126288,34.59151659283457,47.109430969223645],[135.4992855257924,34.591496018379424,47.10925891877557],[135.49927730940271,34.591502746080934,47.1092011725222],[135.49924734489957,34.591500369323896,47.10910203381123],[135.4992324988609,34.59153843376482,47.10889040533535]]],[[[135.4992324988609,34.59153843376482,47.10889040533535],[135.49924734489957,34.591500369323896,47.10910203381123],[135.49924734489957,34.591500369323896,53.03560203381123],[135.4992324988609,34.59153843376482,53.03539040533535],[135.4992324988609,34.59153843376482,47.10889040533535]]],[[[135.49924734489957,34.591500369323896,47.10910203381123],[135.49927730940271,34.591502746080934,47.1092011725222],[135.49927730940271,34.591502746080934,53.035701172522195],[135.49924734489957,34.591500369323896,53.03560203381123],[135.49924734489957,34.591500369323896,47.10910203381123]]],[[[135.49927730940271,34.591502746080934,47.1092011725222],[135.4992855257924,34.591496018379424,47.10925891877557],[135.4992855257924,34.591496018379424,53.03575891877557],[135.49927730940271,34.591502746080934,53.035701172522195],[135.49927730940271,34.591502746080934,47.1092011725222]]],[[[135.4992855257924,34.591496018379424,47.10925891877557],[135.49935626126288,34.59151659283457,47.109430969223645],[135.49935626126288,34.59151659283457,53.03593096922364],[135.4992855257924,34.591496018379424,53.03575891877557],[135.4992855257924,34.591496018379424,47.10925891877557]]],[[[135.49935626126288,34.59151659283457,47.109430969223645],[135.49933881431693,34.59155918127342,47.10919111983367],[135.49933881431693,34.59155918127342,53.035691119833665],[135.49935626126288,34.59151659283457,53.03593096922364],[135.49935626126288,34.59151659283457,47.109430969223645]]],[[[135.49933881431693,34.59155918127342,47.10919111983367],[135.4992324988609,34.59153843376482,47.10889040533535],[135.4992324988609,34.59153843376482,53.03539040533535],[135.49933881431693,34.59155918127342,53.035691119833665],[135.49933881431693,34.59155918127342,47.10919111983367]]],[[[135.4992324988609,34.59153843376482,53.03539040533535],[135.49924734489957,34.591500369323896,53.03560203381123],[135.49927730940271,34.591502746080934,53.035701172522195],[135.4992855257924,34.591496018379424,53.03575891877557],[135.49935626126288,34.59151659283457,53.03593096922364],[135.49933881431693,34.59155918127342,53.035691119833665],[135.4992324988609,34.59153843376482,53.03539040533535]]]]},"properties":{"buildingDataQualityAttribute":"{\"appearanceSrcDescLod2\":[\"未作成\"],\"appearanceSrcDescLod3\":[\"未作成\"],\"geometrySrcDescLod0\":[\"公共測量成果又は基本測量成果\"],\"geometrySrcDescLod1\":[\"公共測量成果又は基本測量成果\"],\"geometrySrcDescLod2\":[\"未作成\"],\"geometrySrcDescLod3\":[\"未作成\"],\"lod1HeightType\":\"点群から取得_中央値\",\"publicSurveyDataQualityAttribute\":{\"publicSurveySrcDescLod0\":[\"数値地形図データ\"],\"publicSurveySrcDescLod1\":[\"数値地形図データ\"],\"srcScaleLod0\":\"地図情報レベル2500\",\"srcScaleLod1\":\"地図情報レベル2500\",\"type\":\"uro:PublicSurveyDataQualityAttribute\"},\"thematicSrcDesc\":[\"公共測量成果又は基本測量成果\",\"公共測量成果又は基本測量成果ではない測量成果\",\"都市計画基礎調査\",\"その他のGISデータ\"],\"type\":\"uro:DataQualityAttribute\"}","buildingDetailAttribute":"[{\"basementFirstUsage\":\"不明\",\"basementSecondUsage\":\"不明\",\"buildingRoofEdgeArea\":52.056471189,\"buildingStructureOrgType\":\"木造\",\"buildingStructureType\":\"木造・土蔵造\",\"detailedUsage\":\"一戸建住宅\",\"groundFloorUsage\":\"不明\",\"secondFloorUsage\":\"不明\",\"specifiedBuildingCoverageRate\":80.0,\"surveyYear\":\"2017\",\"thirdFloorUsage\":\"不明\",\"type\":\"uro:BuildingDetailAttribute\"}]","buildingDisasterRiskAttribute":"[{\"adminType\":\"国\",\"depth\":0.174,\"description\":\"大和川水系大和川\",\"duration\":0.0,\"rank\":\"0.5m未満\",\"scale\":\"L2（想定最大規模）\",\"type\":\"uro:RiverFloodingRiskAttribute\"}]","buildingIDAttribute":"[{\"branchID\":1,\"buildingID\":\"27100-bldg-26736\",\"city\":\"大阪府大阪市住吉区\",\"prefecture\":\"大阪府\",\"type\":\"uro:BuildingIDAttribute\"}]","class":"普通建物","creationDate":"2023-03-22","genericAttribute":"{\"1/2500図郭\":111,\"type\":\"gen:genericAttribute\",\"ユーザーID\":100707,\"区名\":\"住吉区\",\"町丁目名称\":\"山之内５丁目\",\"街区番号\":4,\"計測周辺長\":30.2359859297}","id":"bldg_da0ebccd-b8d4-477b-a13b-0c0fcee984c3","keyValuePairAttribute":"[{\"codeValue\":\"住吉区\",\"key\":\"区番号\",\"type\":\"uro:KeyValuePairAttribute\"},{\"codeValue\":\"山之内５丁目\",\"key\":\"住所コード\",\"type\":\"uro:KeyValuePairAttribute\"},{\"codeValue\":\"不明\",\"key\":\"地下２階用途\",\"type\":\"uro:KeyValuePairAttribute\"},{\"codeValue\":\"不明\",\"key\":\"地下１階用途\",\"type\":\"uro:KeyValuePairAttribute\"},{\"codeValue\":\"一戸建住宅\",\"key\":\"地上１階用途\",\"type\":\"uro:KeyValuePairAttribute\"},{\"codeValue\":\"一戸建住宅\",\"key\":\"地上２階用途\",\"type\":\"uro:KeyValuePairAttribute\"},{\"codeValue\":\"不明\",\"key\":\"地上３階用途\",\"type\":\"uro:KeyValuePairAttribute\"}]","measuredHeight":5.9,"storeysAboveGround":2,"type":"bldg:Building","usage":"[\"住宅\"]"},"id":"bldg_da0ebccd-b8d4-477b-a13b-0c0fcee984c3"},{"type":"Feature","geometry":{"type":"MultiPolygon","coordinates":[[[[135.4991458417266,34.591313355770886,46.99280722436326],[135.49911815530223,34.59135645208226,46.99252805532468],[135.49966376549435,34.591585963962125,46.99356187542787],[135.4996862923504,34.59155064453913,46.99379015960931],[135.4991458417266,34.591313355770886,46.99280722436326]]],[[[135.4991458417266,34.591313355770886,46.99280722436326],[135.4996862923504,34.59155064453913,46.99379015960931],[135.4996862923504,34.59155064453913,50.02699015960931],[135.4991458417266,34.591313355770886,50.02600722436326],[135.4991458417266,34.591313355770886,46.99280722436326]]],[[[135.4996862923504,34.59155064453913,46.99379015960931],[135.49966376549435,34.591585963962125,46.99356187542787],[135.49966376549435,34.591585963962125,50.02676187542787],[135.4996862923504,34.59155064453913,50.02699015960931],[135.4996862923504,34.59155064453913,46.99379015960931]]],[[[135.49966376549435,34.591585963962125,46.99356187542787],[135.49911815530223,34.59135645208226,46.99252805532468],[135.49911815530223,34.59135645208226,50.02572805532468],[135.49966376549435,34.591585963962125,50.02676187542787],[135.49966376549435,34.591585963962125,46.99356187542787]]],[[[135.49911815530223,34.59135645208226,46.99252805532468],[135.4991458417266,34.591313355770886,46.99280722436326],[135.4991458417266,34.591313355770886,50.02600722436326],[135.49911815530223,34.59135645208226,50.02572805532468],[135.49911815530223,34.59135645208226,46.99252805532468]]],[[[135.4991458417266,34.591313355770886,50.02600722436326],[135.4996862923504,34.59155064453913,50.02699015960931],[135.49966376549435,34.591585963962125,50.02676187542787],[135.49911815530223,34.59135645208226,50.02572805532468],[135.4991458417266,34.591313355770886,50.02600722436326]]]]},"properties":{"buildingDataQualityAttribute":"{\"appearanceSrcDescLod2\":[\"未作成\"],\"appearanceSrcDescLod3\":[\"未作成\"],\"geometrySrcDescLod0\":[\"公共測量成果又は基本測量成果\"],\"geometrySrcDescLod1\":[\"公共測量成果又は基本測量成果\"],\"geometrySrcDescLod2\":[\"未作成\"],\"geometrySrcDescLod3\":[\"未作成\"],\"lod1HeightType\":\"点群から取得_中央値\",\"publicSurveyDataQualityAttribute\":{\"publicSurveySrcDescLod0\":[\"数値地形図データ\"],\"publicSurveySrcDescLod1\":[\"数値地形図データ\"],\"srcScaleLod0\":\"地図情報レベル2500\",\"srcScaleLod1\":\"地図情報レベル2500\",\"type\":\"uro:PublicSurveyDataQualityAttribute\"},\"thematicSrcDesc\":[\"公共測量成果又は基本測量成果\",\"公共測量成果又は基本測量成果ではない測量成果\",\"都市計画基礎調査\",\"その他のGISデータ\"],\"type\":\"uro:DataQualityAttribute\"}","buildingDetailAttribute":"[{\"basementFirstUsage\":\"不明\",\"basementSecondUsage\":\"不明\",\"buildingRoofEdgeArea\":305.849945933,\"buildingStructureOrgType\":\"木造\",\"buildingStructureType\":\"木造・土蔵造\",\"detailedUsage\":\"車庫\",\"groundFloorUsage\":\"不明\",\"secondFloorUsage\":\"不明\",\"specifiedBuildingCoverageRate\":80.0,\"surveyYear\":\"2017\",\"thirdFloorUsage\":\"不明\",\"type\":\"uro:BuildingDetailAttribute\"}]","buildingDisasterRiskAttribute":"[{\"adminType\":\"国\",\"depth\":0.487,\"description\":\"大和川水系大和川\",\"duration\":0.0,\"rank\":\"0.5m未満\",\"scale\":\"L2（想定最大規模）\",\"type\":\"uro:RiverFloodingRiskAttribute\"}]","buildingIDAttribute":"[{\"branchID\":1,\"buildingID\":\"27100-bldg-26727\",\"city\":\"大阪府大阪市住吉区\",\"prefecture\":\"大阪府\",\"type\":\"uro:BuildingIDAttribute\"}]","class":"普通無壁舎","creationDate":"2023-03-22","genericAttribute":"{\"1/2500図郭\":111,\"type\":\"gen:genericAttribute\",\"ユーザーID\":100705,\"区名\":\"住吉区\",\"町丁目名称\":\"山之内５丁目\",\"街区番号\":3,\"計測周辺長\":124.556569498}","id":"bldg_b0af6960-67ec-442f-aadd-6e783819e99b","keyValuePairAttribute":"[{\"codeValue\":\"住吉区\",\"key\":\"区番号\",\"type\":\"uro:KeyValuePairAttribute\"},{\"codeValue\":\"山之内５丁目\",\"key\":\"住所コード\",\"type\":\"uro:KeyValuePairAttribute\"},{\"codeValue\":\"不明\",\"key\":\"地下２階用途\",\"type\":\"uro:KeyValuePairAttribute\"},{\"codeValue\":\"不明\",\"key\":\"地下１階用途\",\"type\":\"uro:KeyValuePairAttribute\"},{\"codeValue\":\"車庫\",\"key\":\"地上１階用途\",\"type\":\"uro:KeyValuePairAttribute\"},{\"codeValue\":\"不明\",\"key\":\"地上２階用途\",\"type\":\"uro:KeyValuePairAttribute\"},{\"codeValue\":\"不明\",\"key\":\"地上３階用途\",\"type\":\"uro:KeyValuePairAttribute\"}]","measuredHeight":3.0,"storeysAboveGround":1,"type":"bldg:Building","usage":"[\"運輸倉庫施設\"]"},"id":"bldg_b0af6960-67ec-442f-aadd-6e783819e99b"},{"type":"Feature","geometry":{"type":"MultiPolygon","coordinates":[[[[135.49907336764358,34.59153163228514,47.05923983650395],[135.49906914570846,34.59154667938546,47.05916218411403],[135.4990645070861,34.591545785868284,47.059149013916425],[135.49905736650652,34.59157124258032,47.05901765159207],[135.49914974737092,34.59158897606017,47.05928017450174],[135.49916110979012,34.591548481254144,47.05948917325499],[135.49907336764358,34.59153163228514,47.05923983650395]]],[[[135.49907336764358,34.59153163228514,47.05923983650395],[135.49916110979012,34.591548481254144,47.05948917325499],[135.49916110979012,34.591548481254144,56.32508917325499],[135.49907336764358,34.59153163228514,56.32483983650395],[135.49907336764358,34.59153163228514,47.05923983650395]]],[[[135.49916110979012,34.591548481254144,47.05948917325499],[135.49914974737092,34.59158897606017,47.05928017450174],[135.49914974737092,34.59158897606017,56.324880174501736],[135.49916110979012,34.591548481254144,56.32508917325499],[135.49916110979012,34.591548481254144,47.05948917325499]]],[[[135.49914974737092,34.59158897606017,47.05928017450174],[135.49905736650652,34.59157124258032,47.05901765159207],[135.49905736650652,34.59157124258032,56.32461765159207],[135.49914974737092,34.59158897606017,56.324880174501736],[135.49914974737092,34.59158897606017,47.05928017450174]]],[[[135.49905736650652,34.59157124258032,47.05901765159207],[135.4990645070861,34.591545785868284,47.059149013916425],[135.4990645070861,34.591545785868284,56.324749013916424],[135.49905736650652,34.59157124258032,56.32461765159207],[135.49905736650652,34.59157124258032,47.05901765159207]]],[[[135.4990645070861,34.591545785868284,47.059149013916425],[135.49906914570846,34.59154667938546,47.05916218411403],[135.49906914570846,34.59154667938546,56.32476218411403],[135.4990645070861,34.591545785868284,56.324749013916424],[135.4990645070861,34.591545785868284,47.059149013916425]]],[[[135.49906914570846,34.59154667938546,47.05916218411403],[135.49907336764358,34.59153163228514,47.05923983650395],[135.49907336764358,34.59153163228514,56.32483983650395],[135.49906914570846,34.59154667938546,56.32476218411403],[135.49906914570846,34.59154667938546,47.05916218411403]]],[[[135.49907336764358,34.59153163228514,56.32483983650395],[135.49916110979012,34.591548481254144,56.32508917325499],[135.49914974737092,34.59158897606017,56.324880174501736],[135.49905736650652,34.59157124258032,56.32461765159207],[135.4990645070861,34.591545785868284,56.324749013916424],[135.49906914570846,34.59154667938546,56.32476218411403],[135.49907336764358,34.59153163228514,56.32483983650395]]]]},"properties":{"buildingDataQualityAttribute":"{\"appearanceSrcDescLod2\":[\"未作成\"],\"appearanceSrcDescLod3\":[\"未作成\"],\"geometrySrcDescLod0\":[\"公共測量成果又は基本測量成果\"],\"geometrySrcDescLod1\":[\"公共測量成果又は基本測量成果\"],\"geometrySrcDescLod2\":[\"未作成\"],\"geometrySrcDescLod3\":[\"未作成\"],\"lod1HeightType\":\"点群から取得_中央値\",\"publicSurveyDataQualityAttribute\":{\"publicSurveySrcDescLod0\":[\"数値地形図データ\"],\"publicSurveySrcDescLod1\":[\"数値地形図データ\"],\"srcScaleLod0\":\"地図情報レベル2500\",\"srcScaleLod1\":\"地図情報レベル2500\",\"type\":\"uro:PublicSurveyDataQualityAttribute\"},\"thematicSrcDesc\":[\"公共測量成果又は基本測量成果\",\"公共測量成果又は基本測量成果ではない測量成果\",\"都市計画基礎調査\",\"その他のGISデータ\"],\"type\":\"uro:DataQualityAttribute\"}","buildingDetailAttribute":"[{\"basementFirstUsage\":\"不明\",\"basementSecondUsage\":\"不明\",\"buildingRoofEdgeArea\":32.8710073772,\"buildingStructureOrgType\":\"木造\",\"buildingStructureType\":\"木造・土蔵造\",\"detailedUsage\":\"一戸建住宅\",\"groundFloorUsage\":\"不明\",\"secondFloorUsage\":\"不明\",\"specifiedBuildingCoverageRate\":80.0,\"surveyYear\":\"2017\",\"thirdFloorUsage\":\"不明\",\"type\":\"uro:BuildingDetailAttribute\"}]","buildingDisasterRiskAttribute":"[{\"adminType\":\"国\",\"depth\":0.474,\"description\":\"大和川水系大和川\",\"duration\":0.0,\"rank\":\"0.5m未満\",\"scale\":\"L2（想定最大規模）\",\"type\":\"uro:RiverFloodingRiskAttribute\"}]","buildingIDAttribute":"[{\"branchID\":1,\"buildingID\":\"27100-bldg-26726\",\"city\":\"大阪府大阪市住吉区\",\"prefecture\":\"大阪府\",\"type\":\"uro:BuildingIDAttribute\"}]","class":"普通建物","creationDate":"2023-03-22","genericAttribute":"{\"1/2500図郭\":111,\"type\":\"gen:genericAttribute\",\"ユーザーID\":100704,\"区名\":\"住吉区\",\"町丁目名称\":\"山之内５丁目\",\"街区番号\":5,\"計測周辺長\":23.9839129335}","id":"bldg_c81bef9b-a841-43e5-86a2-ed108a2b7c36","keyValuePairAttribute":"[{\"codeValue\":\"住吉区\",\"key\":\"区番号\",\"type\":\"uro:KeyValuePairAttribute\"},{\"codeValue\":\"山之内５丁目\",\"key\":\"住所コード\",\"type\":\"uro:KeyValuePairAttribute\"},{\"codeValue\":\"不明\",\"key\":\"地下２階用途\",\"type\":\"uro:KeyValuePairAttribute\"},{\"codeValue\":\"不明\",\"key\":\"地下１階用途\",\"type\":\"uro:KeyValuePairAttribute\"},{\"codeValue\":\"一戸建住宅\",\"key\":\"地上１階用途\",\"type\":\"uro:KeyValuePairAttribute\"},{\"codeValue\":\"一戸建住宅\",\"key\":\"地上２階用途\",\"type\":\"uro:KeyValuePairAttribute\"},{\"codeValue\":\"不明\",\"key\":\"地上３階用途\",\"type\":\"uro:KeyValuePairAttribute\"}]","measuredHeight":9.3,"storeysAboveGround":2,"type":"bldg:Building","usage":"[\"住宅\"]"},"id":"bldg_c81bef9b-a841-43e5-86a2-ed108a2b7c36"},{"type":"Feature","geometry":{"type":"MultiPolygon","coordinates":[[[[135.49934784207946,34.59155712677994,47.1137324604025],[135.49930903920026,34.59166515020839,47.11314394722979],[135.4993879777004,34.59168125069175,47.11336427724731],[135.49940196910256,34.59162045536006,47.11366697928679],[135.49937749566817,34.59161133974562,47.113615744750746],[135.49938583373012,34.59158432829411,47.113757950781945],[135.499369509102,34.59157975371574,47.113717534250966],[135.49937232901388,34.591563988650975,47.113793089191944],[135.49934784207946,34.59155712677994,47.1137324604025]]],[[[135.49934784207946,34.59155712677994,47.1137324604025],[135.49937232901388,34.591563988650975,47.113793089191944],[135.49937232901388,34.591563988650975,53.28579308919194],[135.49934784207946,34.59155712677994,53.2857324604025],[135.49934784207946,34.59155712677994,47.1137324604025]]],[[[135.49937232901388,34.591563988650975,47.113793089191944],[135.499369509102,34.59157975371574,47.113717534250966],[135.499369509102,34.59157975371574,53.28571753425096],[135.49937232901388,34.591563988650975,53.28579308919194],[135.49937232901388,34.591563988650975,47.113793089191944]]],[[[135.499369509102,34.59157975371574,47.113717534250966],[135.49938583373012,34.59158432829411,47.113757950781945],[135.49938583373012,34.59158432829411,53.28575795078194],[135.499369509102,34.59157975371574,53.28571753425096],[135.499369509102,34.59157975371574,47.113717534250966]]],[[[135.49938583373012,34.59158432829411,47.113757950781945],[135.49937749566817,34.59161133974562,47.113615744750746],[135.49937749566817,34.59161133974562,53.28561574475074],[135.49938583373012,34.59158432829411,53.28575795078194],[135.49938583373012,34.59158432829411,47.113757950781945]]],[[[135.49937749566817,34.59161133974562,47.113615744750746],[135.49940196910256,34.59162045536006,47.11366697928679],[135.49940196910256,34.59162045536006,53.28566697928679],[135.49937749566817,34.59161133974562,53.28561574475074],[135.49937749566817,34.59161133974562,47.113615744750746]]],[[[135.49940196910256,34.59162045536006,47.11366697928679],[135.4993879777004,34.59168125069175,47.11336427724731],[135.4993879777004,34.59168125069175,53.285364277247304],[135.49940196910256,34.59162045536006,53.28566697928679],[135.49940196910256,34.59162045536006,47.11366697928679]]],[[[135.4993879777004,34.59168125069175,47.11336427724731],[135.49930903920026,34.59166515020839,47.11314394722979],[135.49930903920026,34.59166515020839,53.285143947229784],[135.4993879777004,34.59168125069175,53.285364277247304],[135.4993879777004,34.59168125069175,47.11336427724731]]],[[[135.49930903920026,34.59166515020839,47.11314394722979],[135.49934784207946,34.59155712677994,47.1137324604025],[135.49934784207946,34.59155712677994,53.2857324604025],[135.49930903920026,34.59166515020839,53.285143947229784],[135.49930903920026,34.59166515020839,47.11314394722979]]],[[[135.49934784207946,34.59155712677994,53.2857324604025],[135.49937232901388,34.591563988650975,53.28579308919194],[135.499369509102,34.59157975371574,53.28571753425096],[135.49938583373012,34.59158432829411,53.28575795078194],[135.49937749566817,34.59161133974562,53.28561574475074],[135.49940196910256,34.59162045536006,53.28566697928679],[135.4993879777004,34.59168125069175,53.285364277247304],[135.49930903920026,34.59166515020839,53.285143947229784],[135.49934784207946,34.59155712677994,53.2857324604025]]]]},"properties":{"buildingDataQualityAttribute":"{\"appearanceSrcDescLod2\":[\"未作成\"],\"appearanceSrcDescLod3\":[\"未作成\"],\"geometrySrcDescLod0\":[\"公共測量成果又は基本測量成果\"],\"geometrySrcDescLod1\":[\"公共測量成果又は基本測量成果\"],\"geometrySrcDescLod2\":[\"未作成\"],\"geometrySrcDescLod3\":[\"未作成\"],\"lod1HeightType\":\"点群から取得_中央値\",\"publicSurveyDataQualityAttribute\":{\"publicSurveySrcDescLod0\":[\"数値地形図データ\"],\"publicSurveySrcDescLod1\":[\"数値地形図データ\"],\"srcScaleLod0\":\"地図情報レベル2500\",\"srcScaleLod1\":\"地図情報レベル2500\",\"type\":\"uro:PublicSurveyDataQualityAttribute\"},\"thematicSrcDesc\":[\"公共測量成果又は基本測量成果\",\"公共測量成果又は基本測量成果ではない測量成果\",\"都市計画基礎調査\",\"その他のGISデータ\"],\"type\":\"uro:DataQualityAttribute\"}","buildingDetailAttribute":"[{\"basementFirstUsage\":\"不明\",\"basementSecondUsage\":\"不明\",\"buildingRoofEdgeArea\":69.5001375023,\"buildingStructureOrgType\":\"木造\",\"buildingStructureType\":\"木造・土蔵造\",\"detailedUsage\":\"一戸建住宅\",\"groundFloorUsage\":\"不明\",\"secondFloorUsage\":\"不明\",\"specifiedBuildingCoverageRate\":80.0,\"surveyYear\":\"2017\",\"thirdFloorUsage\":\"不明\",\"type\":\"uro:BuildingDetailAttribute\"}]","buildingDisasterRiskAttribute":"[{\"adminType\":\"国\",\"depth\":0.374,\"description\":\"大和川水系大和川\",\"duration\":0.0,\"rank\":\"0.5m未満\",\"scale\":\"L2（想定最大規模）\",\"type\":\"uro:RiverFloodingRiskAttribute\"}]","buildingIDAttribute":"[{\"branchID\":1,\"buildingID\":\"27100-bldg-26696\",\"city\":\"大阪府大阪市住吉区\",\"prefecture\":\"大阪府\",\"type\":\"uro:BuildingIDAttribute\"}]","class":"普通建物","creationDate":"2023-03-22","genericAttribute":"{\"1/2500図郭\":111,\"type\":\"gen:genericAttribute\",\"ユーザーID\":100696,\"区名\":\"住吉区\",\"町丁目名称\":\"山之内５丁目\",\"街区番号\":4,\"計測周辺長\":38.0980159818}","id":"bldg_c8bd38c1-1a1c-462d-81e5-37e11e4359c6","keyValuePairAttribute":"[{\"codeValue\":\"住吉区\",\"key\":\"区番号\",\"type\":\"uro:KeyValuePairAttribute\"},{\"codeValue\":\"山之内５丁目\",\"key\":\"住所コード\",\"type\":\"uro:KeyValuePairAttribute\"},{\"codeValue\":\"不明\",\"key\":\"地下２階用途\",\"type\":\"uro:KeyValuePairAttribute\"},{\"codeValue\":\"不明\",\"key\":\"地下１階用途\",\"type\":\"uro:KeyValuePairAttribute\"},{\"codeValue\":\"一戸建住宅\",\"key\":\"地上１階用途\",\"type\":\"uro:KeyValuePairAttribute\"},{\"codeValue\":\"一戸建住宅\",\"key\":\"地上２階用途\",\"type\":\"uro:KeyValuePairAttribute\"},{\"codeValue\":\"不明\",\"key\":\"地上３階用途\",\"type\":\"uro:KeyValuePairAttribute\"}]","measuredHeight":6.2,"storeysAboveGround":2,"type":"bldg:Building","usage":"[\"住宅\"]"},"id":"bldg_c8bd38c1-1a1c-462d-81e5-37e11e4359c6"},{"type":"Feature","geometry":{"type":"MultiPolygon","coordinates":[[[[135.4996757246461,34.59005292972651,46.42485822280556],[135.49963715260623,34.59012263954737,46.42442872737647],[135.4997894548318,34.5901751014315,46.42476652761232],[135.49982532855265,34.59010087289273,46.42520496896751],[135.4996757246461,34.59005292972651,46.42485822280556]]],[[[135.4996757246461,34.59005292972651,46.42485822280556],[135.49982532855265,34.59010087289273,46.42520496896751],[135.49982532855265,34.59010087289273,53.83350496896751],[135.4996757246461,34.59005292972651,53.83315822280556],[135.4996757246461,34.59005292972651,46.42485822280556]]],[[[135.49982532855265,34.59010087289273,46.42520496896751],[135.4997894548318,34.5901751014315,46.42476652761232],[135.4997894548318,34.5901751014315,53.83306652761232],[135.49982532855265,34.59010087289273,53.83350496896751],[135.49982532855265,34.59010087289273,46.42520496896751]]],[[[135.4997894548318,34.5901751014315,46.42476652761232],[135.49963715260623,34.59012263954737,46.42442872737647],[135.49963715260623,34.59012263954737,53.83272872737647],[135.4997894548318,34.5901751014315,53.83306652761232],[135.4997894548318,34.5901751014315,46.42476652761232]]],[[[135.49963715260623,34.59012263954737,46.42442872737647],[135.4996757246461,34.59005292972651,46.42485822280556],[135.4996757246461,34.59005292972651,53.83315822280556],[135.49963715260623,34.59012263954737,53.83272872737647],[135.49963715260623,34.59012263954737,46.42442872737647]]],[[[135.4996757246461,34.59005292972651,53.83315822280556],[135.49982532855265,34.59010087289273,53.83350496896751],[135.4997894548318,34.5901751014315,53.83306652761232],[135.49963715260623,34.59012263954737,53.83272872737647],[135.4996757246461,34.59005292972651,53.83315822280556]]]]},"properties":{"buildingDataQualityAttribute":"{\"appearanceSrcDescLod2\":[\"未作成\"],\"appearanceSrcDescLod3\":[\"未作成\"],\"geometrySrcDescLod0\":[\"公共測量成果又は基本測量成果\"],\"geometrySrcDescLod1\":[\"公共測量成果又は基本測量成果\"],\"geometrySrcDescLod2\":[\"未作成\"],\"geometrySrcDescLod3\":[\"未作成\"],\"lod1HeightType\":\"点群から取得_中央値\",\"publicSurveyDataQualityAttribute\":{\"publicSurveySrcDescLod0\":[\"数値地形図データ\"],\"publicSurveySrcDescLod1\":[\"数値地形図データ\"],\"srcScaleLod0\":\"地図情報レベル2500\",\"srcScaleLod1\":\"地図情報レベル2500\",\"type\":\"uro:PublicSurveyDataQualityAttribute\"},\"thematicSrcDesc\":[\"公共測量成果又は基本測量成果\",\"公共測量成果又は基本測量成果ではない測量成果\",\"都市計画基礎調査\",\"その他のGISデータ\"],\"type\":\"uro:DataQualityAttribute\"}","buildingDetailAttribute":"[{\"basementFirstUsage\":\"不明\",\"basementSecondUsage\":\"不明\",\"buildingRoofEdgeArea\":38.5937292971,\"buildingStructureOrgType\":\"木造\",\"buildingStructureType\":\"木造・土蔵造\",\"detailedUsage\":\"長屋建住宅\",\"groundFloorUsage\":\"不明\",\"secondFloorUsage\":\"不明\",\"specifiedBuildingCoverageRate\":80.0,\"surveyYear\":\"2017\",\"thirdFloorUsage\":\"不明\",\"type\":\"uro:BuildingDetailAttribute\"}]","buildingDisasterRiskAttribute":"[{\"adminType\":\"国\",\"depth\":0.18,\"description\":\"大和川水系大和川\",\"rank\":\"0.5m未満\",\"scale\":\"L1（計画規模）\",\"type\":\"uro:RiverFloodingRiskAttribute\"},{\"adminType\":\"国\",\"depth\":0.89,\"description\":\"大和川水系大和川\",\"duration\":4.9,\"rank\":\"0.5m以上3m未満\",\"scale\":\"L2（想定最大規模）\",\"type\":\"uro:RiverFloodingRiskAttribute\"}]","buildingIDAttribute":"[{\"branchID\":1,\"buildingID\":\"27100-bldg-27044\",\"city\":\"大阪府大阪市住吉区\",\"prefecture\":\"大阪府\",\"type\":\"uro:BuildingIDAttribute\"}]","class":"普通建物","creationDate":"2023-03-22","genericAttribute":"{\"1/2500図郭\":111,\"type\":\"gen:genericAttribute\",\"ユーザーID\":100852,\"区名\":\"住吉区\",\"町丁目名称\":\"山之内５丁目\",\"街区番号\":3,\"計測周辺長\":26.3916822206}","id":"bldg_e5ad2821-a0ca-4b87-b3e4-0e5e36f0e860","keyValuePairAttribute":"[{\"codeValue\":\"住吉区\",\"key\":\"区番号\",\"type\":\"uro:KeyValuePairAttribute\"},{\"codeValue\":\"山之内５丁目\",\"key\":\"住所コード\",\"type\":\"uro:KeyValuePairAttribute\"},{\"codeValue\":\"不明\",\"key\":\"地下２階用途\",\"type\":\"uro:KeyValuePairAttribute\"},{\"codeValue\":\"不明\",\"key\":\"地下１階用途\",\"type\":\"uro:KeyValuePairAttribute\"},{\"codeValue\":\"長屋建住宅\",\"key\":\"地上１階用途\",\"type\":\"uro:KeyValuePairAttribute\"},{\"codeValue\":\"長屋建住宅\",\"key\":\"地上２階用途\",\"type\":\"uro:KeyValuePairAttribute\"},{\"codeValue\":\"不明\",\"key\":\"地上３階用途\",\"type\":\"uro:KeyValuePairAttribute\"}]","measuredHeight":7.4,"storeysAboveGround":2,"type":"bldg:Building","usage":"[\"住宅\"]"},"id":"bldg_e5ad2821-a0ca-4b87-b3e4-0e5e36f0e860"},{"type":"Feature","geometry":{"type":"MultiPolygon","coordinates":[[[[135.49935783137158,34.59059316401394,46.639961515198195],[135.49938964283538,34.590520196402416,46.64037964058547],[135.49923388564545,34.59046954993308,46.64002193130362],[135.49920827431453,34.5905229591842,46.63970744629376],[135.49921496850325,34.590544623183554,46.63964212132049],[135.49935783137158,34.59059316401394,46.639961515198195]]],[[[135.49935783137158,34.59059316401394,46.639961515198195],[135.49921496850325,34.590544623183554,46.63964212132049],[135.49921496850325,34.590544623183554,53.909442121320495],[135.49935783137158,34.59059316401394,53.9097615151982],[135.49935783137158,34.59059316401394,46.639961515198195]]],[[[135.49921496850325,34.590544623183554,46.63964212132049],[135.49920827431453,34.5905229591842,46.63970744629376],[135.49920827431453,34.5905229591842,53.90950744629376],[135.49921496850325,34.590544623183554,53.909442121320495],[135.49921496850325,34.590544623183554,46.63964212132049]]],[[[135.49920827431453,34.5905229591842,46.63970744629376],[135.49923388564545,34.59046954993308,46.64002193130362],[135.49923388564545,34.59046954993308,53.909821931303625],[135.49920827431453,34.5905229591842,53.90950744629376],[135.49920827431453,34.5905229591842,46.63970744629376]]],[[[135.49923388564545,34.59046954993308,46.64002193130362],[135.49938964283538,34.590520196402416,46.64037964058547],[135.49938964283538,34.590520196402416,53.91017964058547],[135.49923388564545,34.59046954993308,53.909821931303625],[135.49923388564545,34.59046954993308,46.64002193130362]]],[[[135.49938964283538,34.590520196402416,46.64037964058547],[135.49935783137158,34.59059316401394,46.639961515198195],[135.49935783137158,34.59059316401394,53.9097615151982],[135.49938964283538,34.590520196402416,53.91017964058547],[135.49938964283538,34.590520196402416,46.64037964058547]]],[[[135.49935783137158,34.59059316401394,53.9097615151982],[135.49921496850325,34.590544623183554,53.909442121320495],[135.49920827431453,34.5905229591842,53.90950744629376],[135.49923388564545,34.59046954993308,53.909821931303625],[135.49938964283538,34.590520196402416,53.91017964058547],[135.49935783137158,34.59059316401394,53.9097615151982]]]]},"properties":{"buildingDataQualityAttribute":"{\"appearanceSrcDescLod2\":[\"未作成\"],\"appearanceSrcDescLod3\":[\"未作成\"],\"geometrySrcDescLod0\":[\"公共測量成果又は基本測量成果\"],\"geometrySrcDescLod1\":[\"公共測量成果又は基本測量成果\"],\"geometrySrcDescLod2\":[\"未作成\"],\"geometrySrcDescLod3\":[\"未作成\"],\"lod1HeightType\":\"点群から取得_中央値\",\"publicSurveyDataQualityAttribute\":{\"publicSurveySrcDescLod0\":[\"数値地形図データ\"],\"publicSurveySrcDescLod1\":[\"数値地形図データ\"],\"srcScaleLod0\":\"地図情報レベル2500\",\"srcScaleLod1\":\"地図情報レベル2500\",\"type\":\"uro:PublicSurveyDataQualityAttribute\"},\"thematicSrcDesc\":[\"公共測量成果又は基本測量成果\",\"公共測量成果又は基本測量成果ではない測量成果\",\"都市計画基礎調査\",\"その他のGISデータ\"],\"type\":\"uro:DataQualityAttribute\"}","buildingDetailAttribute":"[{\"basementFirstUsage\":\"不明\",\"basementSecondUsage\":\"不明\",\"buildingRoofEdgeArea\":33.5876330895,\"buildingStructureOrgType\":\"木造\",\"buildingStructureType\":\"木造・土蔵造\",\"detailedUsage\":\"長屋建住宅\",\"groundFloorUsage\":\"不明\",\"secondFloorUsage\":\"不明\",\"specifiedBuildingCoverageRate\":80.0,\"surveyYear\":\"2017\",\"thirdFloorUsage\":\"不明\",\"type\":\"uro:BuildingDetailAttribute\"}]","buildingDisasterRiskAttribute":"[{\"adminType\":\"国\",\"depth\":0.035,\"description\":\"大和川水系大和川\",\"rank\":\"0.5m未満\",\"scale\":\"L1（計画規模）\",\"type\":\"uro:RiverFloodingRiskAttribute\"},{\"adminType\":\"国\",\"depth\":0.542,\"description\":\"大和川水系大和川\",\"duration\":4.0,\"rank\":\"0.5m以上3m未満\",\"scale\":\"L2（想定最大規模）\",\"type\":\"uro:RiverFloodingRiskAttribute\"}]","buildingIDAttribute":"[{\"branchID\":1,\"buildingID\":\"27100-bldg-26938\",\"city\":\"大阪府大阪市住吉区\",\"prefecture\":\"大阪府\",\"type\":\"uro:BuildingIDAttribute\"}]","class":"普通建物","creationDate":"2023-03-22","genericAttribute":"{\"1/2500図郭\":111,\"type\":\"gen:genericAttribute\",\"ユーザーID\":100758,\"区名\":\"住吉区\",\"町丁目名称\":\"山之内５丁目\",\"街区番号\":3,\"計測周辺長\":24.8561232527}","id":"bldg_6f590f9e-0712-489e-a79d-47886a6daaed","keyValuePairAttribute":"[{\"codeValue\":\"住吉区\",\"key\":\"区番号\",\"type\":\"uro:KeyValuePairAttribute\"},{\"codeValue\":\"山之内５丁目\",\"key\":\"住所コード\",\"type\":\"uro:KeyValuePairAttribute\"},{\"codeValue\":\"不明\",\"key\":\"地下２階用途\",\"type\":\"uro:KeyValuePairAttribute\"},{\"codeValue\":\"不明\",\"key\":\"地下１階用途\",\"type\":\"uro:KeyValuePairAttribute\"},{\"codeValue\":\"長屋建住宅\",\"key\":\"地上１階用途\",\"type\":\"uro:KeyValuePairAttribute\"},{\"codeValue\":\"長屋建住宅\",\"key\":\"地上２階用途\",\"type\":\"uro:KeyValuePairAttribute\"},{\"codeValue\":\"不明\",\"key\":\"地上３階用途\",\"type\":\"uro:KeyValuePairAttribute\"}]","measuredHeight":7.3,"storeysAboveGround":2,"type":"bldg:Building","usage":"[\"住宅\"]"},"id":"bldg_6f590f9e-0712-489e-a79d-47886a6daaed"},{"type":"Feature","geometry":{"type":"MultiPolygon","coordinates":[[[[135.4991276620101,34.59153434334178,47.00892607128637],[135.4991553872859,34.59143573507685,47.0094352134449],[135.49910609049755,34.59142316025954,47.00930796433545],[135.49908095433148,34.59152447829743,47.00879704749985],[135.4991276620101,34.59153434334178,47.00892607128637]]],[[[135.4991276620101,34.59153434334178,47.00892607128637],[135.49908095433148,34.59152447829743,47.00879704749985],[135.49908095433148,34.59152447829743,53.44489704749985],[135.4991276620101,34.59153434334178,53.445026071286364],[135.4991276620101,34.59153434334178,47.00892607128637]]],[[[135.49908095433148,34.59152447829743,47.00879704749985],[135.49910609049755,34.59142316025954,47.00930796433545],[135.49910609049755,34.59142316025954,53.445407964335445],[135.49908095433148,34.59152447829743,53.44489704749985],[135.49908095433148,34.59152447829743,47.00879704749985]]],[[[135.49910609049755,34.59142316025954,47.00930796433545],[135.4991553872859,34.59143573507685,47.0094352134449],[135.4991553872859,34.59143573507685,53.4455352134449],[135.49910609049755,34.59142316025954,53.445407964335445],[135.49910609049755,34.59142316025954,47.00930796433545]]],[[[135.4991553872859,34.59143573507685,47.0094352134449],[135.4991276620101,34.59153434334178,47.00892607128637],[135.4991276620101,34.59153434334178,53.445026071286364],[135.4991553872859,34.59143573507685,53.4455352134449],[135.4991553872859,34.59143573507685,47.0094352134449]]],[[[135.4991276620101,34.59153434334178,53.445026071286364],[135.49908095433148,34.59152447829743,53.44489704749985],[135.49910609049755,34.59142316025954,53.445407964335445],[135.4991553872859,34.59143573507685,53.4455352134449],[135.4991276620101,34.59153434334178,53.445026071286364]]]]},"properties":{"buildingDataQualityAttribute":"{\"appearanceSrcDescLod2\":[\"未作成\"],\"appearanceSrcDescLod3\":[\"未作成\"],\"geometrySrcDescLod0\":[\"公共測量成果又は基本測量成果\"],\"geometrySrcDescLod1\":[\"公共測量成果又は基本測量成果\"],\"geometrySrcDescLod2\":[\"未作成\"],\"geometrySrcDescLod3\":[\"未作成\"],\"lod1HeightType\":\"点群から取得_中央値\",\"publicSurveyDataQualityAttribute\":{\"publicSurveySrcDescLod0\":[\"数値地形図データ\"],\"publicSurveySrcDescLod1\":[\"数値地形図データ\"],\"srcScaleLod0\":\"地図情報レベル2500\",\"srcScaleLod1\":\"地図情報レベル2500\",\"type\":\"uro:PublicSurveyDataQualityAttribute\"},\"thematicSrcDesc\":[\"公共測量成果又は基本測量成果\",\"公共測量成果又は基本測量成果ではない測量成果\",\"都市計画基礎調査\",\"その他のGISデータ\"],\"type\":\"uro:DataQualityAttribute\"}","buildingDetailAttribute":"[{\"basementFirstUsage\":\"不明\",\"basementSecondUsage\":\"不明\",\"buildingRoofEdgeArea\":51.9377112065,\"buildingStructureOrgType\":\"木造\",\"buildingStructureType\":\"木造・土蔵造\",\"detailedUsage\":\"一戸建住宅\",\"groundFloorUsage\":\"不明\",\"secondFloorUsage\":\"不明\",\"specifiedBuildingCoverageRate\":80.0,\"surveyYear\":\"2017\",\"thirdFloorUsage\":\"不明\",\"type\":\"uro:BuildingDetailAttribute\"}]","buildingDisasterRiskAttribute":"[{\"adminType\":\"国\",\"depth\":0.274,\"description\":\"大和川水系大和川\",\"duration\":0.0,\"rank\":\"0.5m未満\",\"scale\":\"L2（想定最大規模）\",\"type\":\"uro:RiverFloodingRiskAttribute\"}]","buildingIDAttribute":"[{\"branchID\":1,\"buildingID\":\"27100-bldg-26745\",\"city\":\"大阪府大阪市住吉区\",\"prefecture\":\"大阪府\",\"type\":\"uro:BuildingIDAttribute\"}]","class":"普通建物","creationDate":"2023-03-22","genericAttribute":"{\"1/2500図郭\":111,\"type\":\"gen:genericAttribute\",\"ユーザーID\":100711,\"区名\":\"住吉区\",\"町丁目名称\":\"山之内５丁目\",\"街区番号\":5,\"計測周辺長\":31.8735595102}","id":"bldg_b0b91915-5ca9-4057-a835-91ada9d6f1f8","keyValuePairAttribute":"[{\"codeValue\":\"住吉区\",\"key\":\"区番号\",\"type\":\"uro:KeyValuePairAttribute\"},{\"codeValue\":\"山之内５丁目\",\"key\":\"住所コード\",\"type\":\"uro:KeyValuePairAttribute\"},{\"codeValue\":\"不明\",\"key\":\"地下２階用途\",\"type\":\"uro:KeyValuePairAttribute\"},{\"codeValue\":\"不明\",\"key\":\"地下１階用途\",\"type\":\"uro:KeyValuePairAttribute\"},{\"codeValue\":\"一戸建住宅\",\"key\":\"地上１階用途\",\"type\":\"uro:KeyValuePairAttribute\"},{\"codeValue\":\"一戸建住宅\",\"key\":\"地上２階用途\",\"type\":\"uro:KeyValuePairAttribute\"},{\"codeValue\":\"不明\",\"key\":\"地上３階用途\",\"type\":\"uro:KeyValuePairAttribute\"}]","measuredHeight":6.4,"storeysAboveGround":2,"type":"bldg:Building","usage":"[\"住宅\"]"},"id":"bldg_b0b91915-5ca9-4057-a835-91ada9d6f1f8"}]}
